title,price,link
"Dell Chromebook 11 3180 - Celeron processor - 4gb Ram - 16GB SSD - 11.6"" screen - Playstore supported","Rs. 9,899",//www.daraz.pk/products/dell-chromebook-11-3180-celeron-processor-4gb-ram-16gb-ssd-116-screen-playstore-supported-i528026251.html
"Lenovo | N21 | 6th Gen | 16GB Storage | 4GB RAM | 11.6″ Display | Rotatable Camera | Playstore Supported | Chromebook Daraz Like
New Slightly Used Import American Stock","Rs. 8,399",//www.daraz.pk/products/21-62-16gb-ace-4gb-ram-wain-116-i495423706.html
"HP ProBook 450G9 Intel Core i7 1255U Turbo up to 3.5 GHz, 8GB, 512, 15.6""FHD, AG+BL K/B, Intel9560 Ac2x2, FINGER PRINT, WEBCAM HD, DOS,HP Carrying Case Pike Silver Aluminum (1 year Warranty)","Rs. 229,999",//www.daraz.pk/products/hp-450g9-i7-1255u-up-to-35-ghz-8gb-512-fhd-ag-bl-kb-9560-ac2x2-hd-dos-hp-1-i540053185.html
HP Chromebook 11 G6 EE - 4GB RAM - 16GB ROM - Playstore Supported - 11.6 inch Display - Long Battery Life,"Rs. 14,500",//www.daraz.pk/products/hp-chromebook-11-g6-ee-4gb-ram-16gb-rom-playstore-supported-116-inch-display-long-battery-life-i406194218.html
"HP EliteBook 840 G4 Ultra Book, Core i5 7th generation, 8GB DDR Ram, 500GB Hard Drive , 14.1"" Led Display, Intel HD Graphics","Rs. 54,999",//www.daraz.pk/products/hp-840-g4-7th-i5-8gb-ddr-500gb-led-hd-i538328755.html
"Like New Laptops HP ProBook 650 G1 15.6"" Business Ultrabook: Intel Core i5-4Th Gen 500GB 4GB DDR3 (1920x1080) FHD DVD - Window 10 Pro","Rs. 40,000",//www.daraz.pk/products/like-new-laptops-hp-probook-650-g1-156-business-ultrabook-intel-core-i5-4th-gen-500gb-4gb-ddr3-1920x1080-fhd-dvd-window-10-pro-i399214483.html
HP ProBook 6475 AMD A6-4th Generation 8gb Ram 128gb SSD,"Rs. 34,500",//www.daraz.pk/products/hp-4gb-a6-6475-amd-320gb-i390725049.html
"Dell Latitude 3160 11.6"" Touchscreen Laptop, Intel Quad Core Pentium N3700 6th Gen, 4GB RAM, 500GB HDD, Windows 10 Pro","Rs. 31,999",//www.daraz.pk/products/dell-latitude-3160-116-touchscreen-laptop-intel-quad-core-pentium-n3700-6th-gen-4gb-ram-500gb-hdd-windows-10-pro-i457852399.html
For Microsoft Surface Laptop Go - 12.4 inch 2021 TOUCH PAD Matte Touchpad Protective film Sticker Protector,"Rs. 4,016",//www.daraz.pk/products/124-2021-i534765114.html
DELL CHROMEBOOK LAPTOP 3120 P22T - RAM 4GB/ ROM 16GB - Longer Battery Life,"Rs. 11,850",//www.daraz.pk/products/3120-p22t-4gb-16gb-i434825639.html
Lenovo N23 Chromebook - 4gb/16gb - Play Store Supported - Excellent Battery Timing,"Rs. 11,494",//www.daraz.pk/products/n23-4gb16gb-i369838971.html
"Like New Laptops HP ProBook 11-G2 11.6"" HD Touch-Screen Business Laptop, i3 6th Gen Intel HD Graphics 510, Windows 10 Pro 8GB 128GB SSD","Rs. 36,499",//www.daraz.pk/products/like-new-laptops-hp-probook-11-g2-116-hd-touch-screen-business-laptop-i3-6th-gen-intel-hd-graphics-510-windows-10-pro-8gb-128gb-ssd-i471499710.html
"HP EliteBook 840 G6 Notebook PC Intel Core i7 8th Generation, 8GB DDR4 Ram, 256GB SSD Drive, 14.1"" Led Display, Intel FHD Graphics Card","Rs. 84,999",//www.daraz.pk/products/hp-840-g6-i7-8th-8gb-ddr4-256gb-ssd-141-led-fhd-i539456252.html
Apple MacBook Pro MKGQ3 (Space Grey) – M1 Chip 8-core CPU 16GB 512GB SSD 14″ Retina LED Display With True Tone Backlit Magic Keyboard Touch-ID (2021),"Rs. 665,000",//www.daraz.pk/products/mkgp3-m1-8-cpu-16gb-512gb-ssd-14-led-id-2021-i375234135.html
"Like New Laptops HP ProBook 11-G2 11.6"" HD Touch-Screen Business Laptop, i3 6th Gen Intel HD Graphics 510, Windows 10 Pro 4GB 256GB SSD","Rs. 36,499",//www.daraz.pk/products/like-new-laptops-hp-probook-11-g2-116-hd-touch-screen-business-laptop-i3-6th-gen-intel-hd-graphics-510-windows-10-pro-4gb-256gb-ssd-i471499711.html
HP Elitebook 8470P - Core i5 3rd Gen - 2.6Ghz - 4GB RAM - 320GB HDD - 14 inch Screen - Certified Refurbished - Used Laptops,"Rs. 34,500",//www.daraz.pk/products/hp-8470p-3rd-i5-4gb-26ghz-14-i243283659.html
"Lenovo ThinkPad X230 Dos CH i5-3360M 31.8 cm (12.5"") Intel® Core™ i5 4 GB DDR3-SDRAM 320 GB HDD FreeDOS Black","Rs. 24,999",//www.daraz.pk/products/x230-dos-ch-i5-3360m-318-i5-4-gb-ddr3-sdram-gb-hdd-dos-i406719349.html
"DELL Intel Core i3-8th Generation | 8GB RAM , 256GB M2 SSD | One Month WARRANTY | 3Hours+ Battery Backup | FREE LAPTOP BAG | Latitude 3310","Rs. 48,000",//www.daraz.pk/products/dell-intel-core-i3-8th-generation-8gb-ram-256gb-m2-ssd-one-month-warranty-3hours-battery-backup-free-laptop-bag-latitude-3310-i362107909.html
"HP EliteBook 840 G3 Ultra Book, Intel Core i5 6th generation Laptop, With 8GB DDR4 Ram, 256GB SSD, 14.1""inch Led Display, Intel HD Graphics","Rs. 64,999",//www.daraz.pk/products/hp-elitebook-840-g3-ultra-book-intel-core-i5-6th-generation-laptop-with-8gb-ddr4-ram-256gb-ssd-141inch-led-display-intel-hd-graphics-i459136960.html
Dell Latitude E5440 CORE i5 4th Gen 8GB Ram 128GB SSD Super Fast 14' HD Display,"Rs. 42,900",//www.daraz.pk/products/e5440-4th-i5-8gb-ssd-128gb-14-hd-i395296518.html
DEL_CHROMEBOOK LAPTOP 3120 P22T - 4GB/16GB - Long Battery Life,"Rs. 11,533",//www.daraz.pk/products/3120-p22t-4gb16gb-i435016024.html
"Apple MacBook Pro 2011 A1278 Display 13-inch Laptop (Intel i5 2.5 GHz, 8 GB RAM, 500GB HDD, Intel HD, macOS High Sierra - Silver","Rs. 41,999",//www.daraz.pk/products/apple-macbook-pro-2011-a1278-display-13-inch-laptop-intel-i5-25-ghz-8-gb-ram-500gb-hdd-intel-hd-macos-high-sierra-silver-i414223437.html
"HP ZBook 15 G2 Mobile Workstation Intel Core i7 - 4810MQ X4 2.8GHz 8GB 256GB SSD 15.6"" Win10, Black - Like New Laptops","Rs. 57,999",//www.daraz.pk/products/hp-zbook-15-g2-mobile-workstation-intel-core-i7-4810mq-x4-28ghz-8gb-256gb-ssd-156-win10-black-like-new-laptops-i479450039.html
Used Chromebook Laptop 11-3120 P22T 11.6 Inches Intel Celeron N2840 2.16GHz  4GB RAM 16GB SSD Chrome OS with Charger,"Rs. 10,499",//www.daraz.pk/products/11-4gb-ghz-n2840-4gb-16gb-ssd-os-i496915185.html
"HP Envy 16 H1023dx - Raptor Lake - 13th Gen Core i9 13900H (14 Cores) Processor 16GB 1-TB SSD 8-GB NVIDIA GeForce RTX4060 GDDR6 GC 16"" WQXGA IPS 120Hz Touchscreen Display B&O Play Backlit KB W11 (Natural Silver, NEW)","Rs. 253,000",//www.daraz.pk/products/hp-16-h1023dx-13th-i9-13900h-14-16gb-1-tb-ssd-8-gb-nvidia-rtx4060-gddr6-gc-16-wqxga-ips-120hz-b-o-kb-w11-i489704840.html
HP ProBook 440g2 Core i5-4th 4Gb Ram  500gb,"Rs. 39,000",//www.daraz.pk/products/hp-440g2-i5-4th-8gb-500gb-i391434604.html
"Like New Laptops - Apple MacBook Air A1466 Early 2015 With 1.6GHz Intel Core i5 (13.3 inch, 4GB RAM, 128GB) Silve","Rs. 57,999",//www.daraz.pk/products/like-new-laptops-apple-macbook-air-a1466-early-2015-with-16ghz-intel-core-i5-133-inch-4gb-ram-128gb-silve-i397126998.html
"Like New Laptops HP EliteBook 840 G2 Core i5 – 5th Gen., 8GB Ram,256GB SSD, 14″ Display Window 10","Rs. 46,999",//www.daraz.pk/products/like-new-laptops-hp-elitebook-840-g2-core-i5-5th-gen-8gb-ram256gb-ssd-14-display-window-10-i471509339.html
"HP EliteBook 840 G1 Notebook PC Intel Core i5 4th Gen, 8GB DDR3 Ram, 500GB Hard Drive, 14.1"" Intel HD Display, Intel HD Graphics","Rs. 39,000",//www.daraz.pk/products/hp-840-g1-4th-i5-8gb-ddr3-500gb-141-hd-hd-i540229628.html
6Pc Cute Koi Chinese Style Retractable Gel Pen Black Ink Signature Writing Pen For School Office Kawaii Stationery Гелевая Ручка,"Rs. 3,406",//www.daraz.pk/products/6pc-cute-koi-chinese-style-retractable-gel-pen-black-ink-signature-writing-pen-for-school-office-kawaii-stationery-i536893707.html
Apple MacBook Air MLY33 (Mid Night) – M2 Chip 8-core CPU 8GB 256GB SSD 13.6,"Rs. 365,000",//www.daraz.pk/products/mly33-m2-8-cpu-8gb-256gb-ssd-136-i364571578.html
"CTL Chromebook PX11EG | 4GB RAM DDR4 | 32 GB eMMC | 11.6"" Display size","Rs. 90,000",//www.daraz.pk/products/ctl-chromebook-px11eg-4gb-ram-ddr4-32-gb-emmc-116-display-size-i487129056.html
Lenovo N21 Chromebook – 11.6″ – 4 GB RAM – 16 GB ROM - Upto 5 Hour Battery,"Rs. 11,500",//www.daraz.pk/products/n21-116-4-gb-16-gb-5-i269172699.html
Hp Elitebook 820 G3 - Core i5 6th Generation - 16GB DDR4 RAM - 128GB SSD - 500GB HDD -12.5inch Screen - FREE LAPTOP BAG (Windows 11 Licensed) - Daraz like new laptops,"Rs. 47,999",//www.daraz.pk/products/hp-elitebook-820-g3-core-i5-6th-generation-16gb-ddr4-ram-128gb-ssd-500gb-hdd-125inch-screen-free-laptop-bag-windows-11-licensed-daraz-like-new-laptops-i376744134.html
"Lenovo ThinkPad T470 Ultra Book Core i5 7th generation, 8GB DDR4 Ram 256GB Solid State Drive SSD 14.1"" FHD Led Display Intel HD Graphics","Rs. 53,999",//www.daraz.pk/products/t470-7th-i5-8gb-ddr4-256gb-fhd-led-hd-i539921403.html
"Samsung Chromebook 500C - Celeron processor - 4gb Ram - 16GB SSD - 11.6"" screen - Playstore supported","Rs. 9,999",//www.daraz.pk/products/samsung-chromebook-500c-celeron-processor-4gb-ram-16gb-ssd-116-screen-playstore-supported-i524249077.html
Apple MacBook Pro 2012 | 128GB Storage SSD | 8GB RAM | 2.5GHz Dual-Core Core i5 | Mid 2012 | 13.3-inch LED Display | Dual Operating System MacOS & Windows 10 | Silver,"Rs. 42,999",//www.daraz.pk/products/apple-macbook-pro-2012-128gb-storage-ssd-8gb-ram-25ghz-dual-core-core-i5-mid-2012-133-inch-led-display-dual-operating-system-macos-windows-10-silver-i470938707.html
Lenovo N22 Chromebook – 11.6″ –  4GB/16GB– With Play Store - PUBG Supported,"Rs. 12,500",//www.daraz.pk/products/n22-116-4gb16gb-pubg-i267139511.html
Dell Latitude E6540 Core i7-4th Gen 8gb Ram 128gb SSD,"Rs. 52,000",//www.daraz.pk/products/e6540-4th-i7-8gb-128gb-ssd-i379717985.html
"V15 G3 Intel Core i5-1235U 8GB Soldered DDR4 512SSD Integrated Intel Iris Xe Graphics functions as UHD Graphics|15.6"" FHD (1920x1080) TN 250nits Anti-glare,|High Definition (HD) Audi|5.5 hr |Black|Dos","Rs. 165,999",//www.daraz.pk/products/v15-g3-intel-core-i5-1235u-8gb-soldered-ddr4-512ssd-integrated-intel-iris-xe-graphics-functions-as-uhd-graphics156-fhd-1920x1080-tn-250nits-anti-glarehigh-definition-hd-audi55-hr-blackdos-i372590921.html
"MSI Katana 15 B13VFK (RTX 4060, GDDR6 8GB)- Lake i7-13620H- DDR5 16GB, 1TB NVMe PCIe SSD- 15.6″ FHD, 144Hz- 1473","Rs. 467,499",//www.daraz.pk/products/msi-katana-15-b13vfk-rgb-fhd-156-msi-2-i517573658.html
360° Wide Angle Anti Spy Privacy Protection Tempered Glass for iPhone 15 14 13 12 11 Pro XR XS Max Anti Peeping Screen Protector,"Rs. 3,891",//www.daraz.pk/products/15-14-13-12-11-360-i533430963.html
Lenovo N22 Chromebook – 11.6″ – 4 GB RAM – 16 GB ROM – With Play Store  - PUBG Supported,"Rs. 11,800",//www.daraz.pk/products/n22-116-4-gb-16-gb-pubg-i222051445.html
1/2PCS 60×75cm Painting By Numbers Flowers Girl Paint By Number Figure On Canvas Home Decoration Gift Wall Art Picture,"Rs. 3,809",//www.daraz.pk/products/12-6075-i537041648.html
Surface Pro 3 - Core i3 4th Generation - 4GB DDR3 RAM - 64GB SSD - 12Inches Touchscreen - Dual Cam - Windows 10 Activated,"Rs. 25,500",//www.daraz.pk/products/surface-pro-3-core-i3-4th-generation-4gb-ddr3-ram-64gb-ssd-12inches-touchscreen-dual-cam-windows-10-activated-i356184766.html
"Lenovo IdeaPad 5 Intel Core i7-1255U 16GB DDR4-3200 512GB SSD M.2 15.6"" FHD (1920x1080) IPS NVIDIA® GeForce MX550 2GB Backlit,English (UK) Dos (1 Year Warranty)","Rs. 212,999",//www.daraz.pk/products/lenovo-ideapad-5-intel-core-i7-1255u-16gb-ddr4-3200-512gb-ssd-m2-156-fhd-1920x1080-ips-nvidia-geforce-mx550-2gb-backlitenglish-uk-dos-1-year-warranty-i436317326.html
"HP ProBook 650 G4 Ultra Book Core i7 8th generation, 8GB DDR4 Ram 256GB Solid State Drive SSD 15.6"" FHD Led Display, Numeric Keypad Intel HD Graphics","Rs. 78,999",//www.daraz.pk/products/hp-650-g4-i7-8th-8gb-ddr4-256gb-fhd-led-hd-i538982111.html
Latitude 12 5285 2-in-1 Laptop - Core i5 7th Generation - 12.3 inch FHD TouchScreen Laptop - RAM 8GB LPDDR3 1866MHz - 256GB NVME SSD - Windows 10 Professional (Renewed),"Rs. 52,500",//www.daraz.pk/products/latitude-12-5285-2-in-1-laptop-core-i5-7th-generation-123-inch-fhd-touchscreen-laptop-ram-8gb-lpddr3-1866mhz-256gb-nvme-ssd-windows-10-professional-renewed-i230424404.html
"Hp Chromebook 11 G6 EE - 4GB RAM DDR4 - 16GB SSD EMMC - Playstore supported - 11.6"" screen","Rs. 9,699",//www.daraz.pk/products/hp-chromebook-11-g6-ee-4gb-ram-ddr4-16gb-ssd-emmc-playstore-supported-116-screen-i490662385.html
"DELL Latitude E6430 i5-3320M Notebook 35.6 cm (14"") HD+ Intel® Core™ i5 4 GB DDR3-SDRAM 320 GB HDD NVIDIA® NVS™ 5200M Windows 7 Professional Black, Silver","Rs. 26,999",//www.daraz.pk/products/e6430-i5-3320m-356-14-hd-i5-4-gb-ddr3-sdram-gb-hdd-nvidianvs5200-7-i406654686.html
Screen Protector Film For Samsung Galaxy Tab A9 Plus 11 inch 2023 А9+ 11 SM-X216 5G A9 8.7 Matte PET Painting Write,"Rs. 4,190",//www.daraz.pk/products/9-11-2023-9-11-216-5-9-87-i534346585.html
"DELL Core i5-8th Generation | 8GB DDR4 RAM , 128GB M2 SSD Hard | 5Hours+ Battery Backup | 6 MONTHS WARRANTY | FREE Wireless Mouse | Dell 3300","Rs. 58,000",//www.daraz.pk/products/dell-core-i5-8th-generation-8gb-ddr4-ram-128gb-m2-ssd-hard-5hours-battery-backup-6-months-warranty-free-wireless-mouse-dell-3300-i363769366.html
"HP ProBook 450 G3 Notebook PC Intel Core i5 6th Generation, 8GB DDR3 Ram, 256GB SSD Drive, 15.6"" Led Display, Intel HD Graphics Card, Numeric Keypad","Rs. 49,999",//www.daraz.pk/products/hp-450-g3-i5-6th-8gb-ddr3-256gb-ssd-156-led-hd-i539352923.html
"Dell 7320 i7-11th Generation | 16GB DDR4 Ram , 512GB M2 SSD | 7Hours Battery Backup | 6 Months Warranty | FREE LAPTOP BAG | FREE WIRELESS MOUSE | FREE LAPTOP CLEANER | Charger Included | Back-Lit Keyboard","Rs. 155,000",//www.daraz.pk/products/dell-7320-i7-11th-generation-16gb-ddr4-ram-512gb-m2-ssd-7hours-battery-backup-6-months-warranty-free-laptop-bag-free-wireless-mouse-free-laptop-cleaner-charger-included-back-lit-keyboard-i347554804.html
_DELL Core i5-7th Generation| 16GB RAM 256GB SSD[Hard Drive][HD] 4Hours+ Battery Backup,"Rs. 82,000",//www.daraz.pk/products/3-hd-16gb-1-gb-ssd-i362155754.html
HP 15S-FD0110TU Core i7-1355U 16GB DDR4 512GB PCIe Value Intel Iris Xe 15.6 FHD Antiglare slim IPS 250 nits Narrow Border Windows 11 Home Natural Silver (1 Year Warranty),"Rs. 290,000",//www.daraz.pk/products/hp-15s-fd0110tu-core-i7-1355u-16gb-ddr4-512gb-pcie-value-intel-iris-xe-156-fhd-antiglare-slim-ips-250-nits-narrow-border-windows-11-home-natural-silver-1-year-warranty-i423163226.html
"Lenovo IdeaPad 5 Intel Core i5-1235U 16GB Soldered DDR4-3200 512GB SSD 15.6"" FHD (1920x1080) IPS NVIDIA® GeForce MX550 2GB GDDR6 Backlit, English (UK) Storm Grey Dos (1 Year Warranty)","Rs. 190,999",//www.daraz.pk/products/lenovo-ideapad-5-intel-core-i5-1235u-16gb-soldered-ddr4-3200-512gb-ssd-156-fhd-1920x1080-ips-nvidia-geforce-mx550-2gb-gddr6-backlit-english-uk-storm-grey-dos-1-year-warranty-i436315764.html
HP 15S-FD0110TU Core i7-1355U 16GB DDR4 512GB PCIe Value Intel Iris Xe 15.6 FHD Antiglare slim IPS 250 nits Narrow Border  Windows 11 Home Natural Silver   (1 Year Warranty),"Rs. 236,499",//www.daraz.pk/products/hp-15s-fd0110tu-core-i7-1355u-16gb-ddr4-512gb-pcie-value-intel-iris-xe-156-fhd-antiglare-slim-ips-250-nits-narrow-border-windows-11-home-natural-silver-1-year-warranty-i421919543.html
"Like New Laptops Apple MacBook Pro 2011 A1278 Display 13-inch Laptop (Intel i5 2.5 GHz, 8 GB RAM, 256GB SSD, Intel HD, macOS High Sierra - Silver","Rs. 58,000",//www.daraz.pk/products/like-new-laptops-apple-macbook-pro-2011-a1278-display-13-inch-laptop-intel-i5-25-ghz-8-gb-ram-256gb-ssd-intel-hd-macos-high-sierra-silver-i471512588.html
"Lenovo ThinkPad T470 Laptop - Core I5 6th Generation - 8GB DDR4 RAM - 256GB NVME SSD - 14"" Display - WINDOWS 10 - RENEWED","Rs. 45,500",//www.daraz.pk/products/lenovo-thinkpad-t470-laptop-core-i5-6th-generation-8gb-ddr4-ram-256gb-nvme-ssd-14-display-windows-10-renewed-i430087965.html
Lenovo N23 Chromebook - 11.6″ – 4 GB RAM – 16 GB ROM – With Play Store - PUBG Supported -,"Rs. 12,999",//www.daraz.pk/products/lenovo-n23-chromebook-116-4-gb-ram-16-gb-rom-with-play-store-pubg-supported-i471877955.html
"Like New Laptops Lenovo ThinkPad E560 15.6 inch High Performance Business laptop, 128GB SSD, Intel Core i5 (7th Gen) 2.50 GHz, 8 GB DDR3L, DVD RW, WiFi, HDMI/VGA, Gigabit LAN, fingerprint reader, Windows 10 Pro 64-bit","Rs. 51,999",//www.daraz.pk/products/like-new-laptops-lenovo-thinkpad-e560-156-inch-high-performance-business-laptop-128gb-ssd-intel-core-i5-7th-gen-250-ghz-8-gb-ddr3l-dvd-rw-wifi-hdmivga-gigabit-lan-fingerprint-reader-windows-10-pro-64-bit-i468056695.html
"HP Victus 15-FB1013DX Gaming Laptop AMD Ryzen 5 7535HS, 8GB DDR5, 512GB SSD, NVIDIA RTX 2050 4GB Graphics, 15.6"" FHD IPS 144Hz, Windows 11 Home, Mica Silver","Rs. 229,999",//www.daraz.pk/products/hp-15-fb1013dx-amd-5-7535hs-8gb-ddr5-512gb-ssd-nvidia-rtx-2050-gb-fhd-ips-156-hz-11-i438400006.html
"Lenovo ThinkPad T440 i5-4300U Notebook 35.6 cm (14"") Intel® Core™ i5 8 GB DDR3L-SDRAM 128 GB SSDBlack","Rs. 35,500",//www.daraz.pk/products/lenovo-thinkpad-t440-i5-4300u-notebook-356-cm-14-intel-core-i5-8-gb-ddr3l-sdram-128-gb-ssdblack-i406716125.html
"Dell Latitude 3180 HD Laptop Notebook Educational PC (Intel Pentium N4200 Quad Core, 4GB Ram, 128GB Solid State SSD, Camera, HDMI, WiFi, Bluetooth) Windows 10","Rs. 21,999",//www.daraz.pk/products/dell-latitude-3180-hd-laptop-notebook-educational-pc-intel-pentium-n4200-quad-core-4gb-ram-128gb-solid-state-ssd-camera-hdmi-wifi-bluetooth-windows-10-i471519369.html
Acer C731  Chromebook Laptop - 4GB RAM - 16GB ROM - Playstore Supported - 11.6 inch Display - Long Battery Life,"Rs. 15,500",//www.daraz.pk/products/acer-c731-chromebook-laptop-4gb-ram-16gb-rom-playstore-supported-116-inch-display-long-battery-life-i398674383.html
Lenovo N21 Chromebook – 11.6″ – 4 GB RAM / 16 GB ROM - Long Battery Life,"Rs. 13,500",//www.daraz.pk/products/n21-116-4-gb-16-gb-i369539666.html
"HP EliteBook 840 G6 Notebook PC Intel Core i5 8th Generation, 8GB DDR4 Ram, 256GB SSD Drive, 14.1"" Led Display, Intel FHD Graphics Card 1 Ratings21 Answered Questions","Rs. 74,999",//www.daraz.pk/products/hp-840-g6-i5-8th-8gb-ddr4-1-gb-ssd-led-fhd-1-ratngs21-i539456233.html
Lenovo N22 Chromebook – 11.6″ – 4 GB RAM – 16 GB ROM – With Play Store - PUBG Supported,"Rs. 11,980",//www.daraz.pk/products/n22-116-4-gb-16-gb-pubg-i261648198.html
"DELL Latitude E5450 i5-5300U Notebook 35.6 cm (14"") HD Intel® Core™ i5 4 GB DDR3L-SDRAM 500 GB HDD Windows 7 Professional Black","Rs. 36,999",//www.daraz.pk/products/dell-latitude-e5450-i5-5300u-notebook-356-cm-14-hd-intel-core-i5-4-gb-ddr3l-sdram-500-gb-hdd-windows-7-professional-black-i406654540.html
Lenovo N22 Chromebook  – 4 GB RAM – 16 GB ROM – With Play Store - Long Battery Life,"Rs. 11,500",//www.daraz.pk/products/lenovo-n22-chromebook-4-gb-ram-16-gb-rom-with-play-store-long-battery-life-i406218606.html
"Like New Laptops HP 255 G4 15.6"" Laptop, AMD A6 Dual-Core Processor , 4GB RAM, 128GB SSD, AMD Radeon R4 Graphics, DVD-RW, HDMI, Bluetooth, HDMI, Webcam, Windows 10","Rs. 34,999",//www.daraz.pk/products/like-new-laptops-hp-255-g4-156-laptop-amd-a6-dual-core-processor-4gb-ram-128gb-ssd-amd-radeon-r4-graphics-dvd-rw-hdmi-bluetooth-hdmi-webcam-windows-10-i466318067.html
"Like New Laptops Dell Latitude E7470 Ultrabook Laptop: 14"" Intel I5-6300U 6th Gen, 256GB SSD, 8GB Ram, Windows 10 Pro","Rs. 49,499",//www.daraz.pk/products/like-new-laptops-dell-latitude-e7470-ultrabook-laptop-14-intel-i5-6300u-6th-gen-256gb-ssd-8gb-ram-windows-10-pro-i471485565.html
"Latitude E7270 Laptop - Core I5 6th Generation - 8GB DDR4 RAM - 256GB SSD - 12.5"" FHD Display - WINDOWS 10 - RENEWED","Rs. 68,500",//www.daraz.pk/products/e7270-6th-i5-8gb-ddr4-fhd-10-i267068383.html
"GF63 Thin 11SC (GTX1650 Max Q, GDDR6 4GB) Tiger Lake i7-11800H+HM570 8GB*2 Ram 1TB NVMe PCIe Gen3x4 SSD 15.6"" FHD DOS with Win 11 and free Bagpack.","Rs. 319,999",//www.daraz.pk/products/gf63-11sc-gtx1650-q-gddr6-4gb-i7-11800h-hm570-8gb-2-1tb-nvme-pcie-gen3x4-ssd-156-fhd-dos-i425293485.html
Fujitsu T935 Core i5-5th Generation 8GB Ram 500gb Hard Drive,"Rs. 48,000",//www.daraz.pk/products/t935-8gb-i5-5th-gb-i379099633.html
"HP ORIGINAL | Chromebook 11 G4 | 8 to 10 Hours Battery Timing | 16GB SSD Storage | 4GB RAM | 11.6"" FULL HD Display | WINDOWS 10 INSTALLED | Dual Core | WITH FREE MOUSE","Rs. 9,503",//www.daraz.pk/products/hp-11-g4-8-10-16gb-ssd-20-gb-hd-i533393401.html
"Dell 3310 Intel Core i3-8th Generation | 8GB Ram , 128GB M2 SSD | 3Hours+ Battery Backup | One Month Warranty | Charger Included","Rs. 38,500",//www.daraz.pk/products/dell-3310-intel-core-i3-8th-generation-8gb-ram-128gb-m2-ssd-3hours-battery-backup-one-month-warranty-charger-included-i365815805.html
P | Chromebook 14 G5 | 16GB Storage | 4GB RAM | 14.1″ HD Display | Playstore Supported | With Type C fast charging Charger,"Rs. 20,999",//www.daraz.pk/products/p-air-14-g5-air-16gb-ace-4gb-ram-lain-4-hd-c-i540243485.html
"HP ORIGINAL | Chromebook 11 G4 | 8 to 10 Hours Battery Timing | 16GB SSD Storage | 4GB RAM | 11.6"" FULL HD Display | WINDOWS 10 INSTALLED | Dual Core | WITH FREE MOUSE & LAPTOP BAG GIFT","Rs. 9,899",//www.daraz.pk/products/hp-11-g4-8-10-4gb-ssd-16gb-116-hd-i533387542.html
"Like New Laptops Lenovo ThinkPad E560 15.6 inch High Performance Business laptop, 256GB SSD, Intel Core i5 (7th Gen) 2.50 GHz, 8 GB DDR3L, DVD RW, WiFi, HDMI/VGA, Gigabit LAN, fingerprint reader, Windows 10 Pro 64-bit","Rs. 53,999",//www.daraz.pk/products/like-new-laptops-lenovo-thinkpad-e560-156-inch-high-performance-business-laptop-256gb-ssd-intel-core-i5-7th-gen-250-ghz-8-gb-ddr3l-dvd-rw-wifi-hdmivga-gigabit-lan-fingerprint-reader-windows-10-pro-64-bit-i468052971.html
DELL CHROMEBOOK LAPTOP 3120 P22T - 4GB/16GB - Longer Battery Life,"Rs. 11,650",//www.daraz.pk/products/dell-chromebook-laptop-3180-4gb32gb-with-play-store-long-battery-life-i434659482.html
Apple MacBook Pro 2012 | 500GB Storage | 8GB RAM | 2.5GHz Dual-Core Core i5 | Mid 2012 | 13.3-inch LED Display | Dual Operating System MacOS & Windows 10 | Silver,"Rs. 44,999",//www.daraz.pk/products/apple-macbook-pro-2012-500gb-storage-8gb-ram-25ghz-dual-core-core-i5-mid-2012-133-inch-led-display-dual-operating-system-macos-windows-10-silver-i414215762.html
"HP ProBook 11 G2 , Core i3 6th Generation, 8GB DDR4 Ram, 500GB Hard Drive, 11.1"" Led Display, Intel HD Graphics","Rs. 28,499",//www.daraz.pk/products/hp-11-g2-i3-6th-8gb-ddr4-500gb-111-led-hd-i538861574.html
"HP Probook 450 G9 12th Gen Core i7-1255U, 8GB DDR4, 512GB SSD, Intel Iris Xe Graphics, 15.6"" FHD, Backlit Keyboard, DOS, Silver","Rs. 288,999",//www.daraz.pk/products/hp-probook-450-g9-12th-gen-core-i7-1255u-8gb-ddr4-512gb-ssd-intel-iris-xe-graphics-156-fhd-backlit-keyboard-dos-silver-i421431014.html
Lenovo N21 Chromebook – 11.6″ – 2 GB RAM – 16 GB ROM,"Rs. 13,500",//www.daraz.pk/products/n21-116-2-gb-16-gb-i351945705.html
"Like New Laptops HP ProBook 11-G2 11.6"" HD Touch-Screen Business Laptop, i3 6th Gen Intel HD Graphics 510, Windows 10 Pro 8GB 256GB SSD","Rs. 37,999",//www.daraz.pk/products/like-new-laptops-hp-probook-11-g2-116-hd-touch-screen-business-laptop-i3-6th-gen-intel-hd-graphics-510-windows-10-pro-8gb-256gb-ssd-i471495844.html
Memory card 4GB 8GB 16GB 32GB 64GB 128GB Class 10 sd card флешка mini sd card 16 32 64 128 gb for Smartphone with free adapter,"Rs. 4,107",//www.daraz.pk/products/4-8-16-32-64-128-class-10-sd-card-i534885919.html
"Latitude E7270 Laptop - Core I5 6th Generation -  8GB DDR4 RAM - 256GB SSD - 12.5"" HD - BACKLIT KEYBOARD","Rs. 44,500",//www.daraz.pk/products/latitude-e7270-laptop-core-i5-6th-generation-8gb-ddr4-ram-256gb-ssd-125-hd-backlit-keyboard-i266458459.html
"Dell 3180 Chromebook 11.6 inches HD screen, 4GB Ram 16GB SSD","Rs. 11,999",//www.daraz.pk/products/dell-3180-chromebook-116-inches-hd-screen-4gb-ram-16gb-ssd-i438357258.html
"HP Victus 16-D0023DX Gaming Laptop 11th Gen Core i5-11400H, 8GB DDR4, 256GB SSD, NVIDIA RTX3050 4GB, 16.1"" FHD IPS, Windows 11 Home","Rs. 260,000",//www.daraz.pk/products/hp-16-d0023dx-11th-i5-11400h-8gb-ddr4-256gb-ssd-nvidia-rtx3050-4gb-161-fhd-ips-11-i536873283.html
"Daraz Like New Laptops Apple MacBook Air A1466 Early 2015 With 1.6GHz Intel Core i5 (13.3 inch, 8GB RAM, 128GB) Silver","Rs. 64,999",//www.daraz.pk/products/daraz-like-new-laptops-apple-macbook-air-a1466-early-2015-with-16ghz-intel-core-i5-133-inch-8gb-ram-128gb-silver-i410973395.html
Original For Intel optane 2nd generation M10 64G 32G 16G 2280 2242 M.2 solid-state SSD memory acceleration cache nvme brand new,"Rs. 4,078",//www.daraz.pk/products/10-64-32-16-2280-2242-2-i534586547.html
KACO Kawaii Rotate Gel Pens Stationery Caneta 문구용품 0.5MM Black Ink канцелярия Fluent Writing High Capacity for School Office ﻿,"Rs. 3,342",//www.daraz.pk/products/kaco-kawaii-rotate-gel-pens-stationery-caneta-05mm-black-ink-fluent-writing-high-capacity-for-school-office-ufeff-i536975096.html
"Dell Latitude E6420 , Core i5 2nd generation, 8GB DDR3 Ram, 128GB SSD Drive, 14.1"" Led Display, Intel HD Graphics","Rs. 24,999",//www.daraz.pk/products/dell-latitude-e6420-core-i5-2nd-generation-8gb-ddr3-ram-128gb-ssd-drive-141-led-display-intel-hd-graphics-i438749114.html
Acer C731 - 4GB RAM - 16GB ROM - Playstore Supported - 11.6 inch Display - Long Battery Life,"Rs. 13,500",//www.daraz.pk/products/c731-4gb-16gb-116-i397562438.html
Television Cover Dustproof  Towel 43  55  50 65 Household Hanging LCD TV Elastic  Cloth,"Rs. 3,978",//www.daraz.pk/products/43-55-50-65-i533080171.html
Original 2TB Micro TF SD Card A2 TF Card 1TB SD Card High Speed TF Video Card SD Flash Card U3 Micro TF Memories Gift SD Adapter,"Rs. 4,018",//www.daraz.pk/products/2-2-1-3-i534686314.html
Lenovo N22 Chromebook – 11.6″ – 4 GB RAM – 16 GB ROM – With Play Store - PUBG Supported,"Rs. 9,999",//www.daraz.pk/products/lenovo-n22-chromebook-116-4-gb-ram-16-gb-rom-with-play-store-pubg-supported-i438351983.html
Lenovo N21 Chromebook – 11.6″ – 4 GB RAM – 16 GB ROM - Long Battery Life,"Rs. 11,850",//www.daraz.pk/products/n21-116-4-gb-16-gb-i368866869.html
Like New Laptops Apple MacBook Pro 2012 - 128GB Storage 4GB RAM - 2.5GHz Dual-Core Core i5 - Mid 2012 13.3-inch LED Display - Dual Operating System MacOS & Windows 10 - Silver,"Rs. 40,999",//www.daraz.pk/products/like-new-laptops-apple-macbook-pro-2012-128gb-storage-4gb-ram-25ghz-dual-core-core-i5-mid-2012-133-inch-led-display-dual-operating-system-macos-windows-10-silver-i420197699.html
Lenovo Chromebook 11.6″ display approximately 4 GB RAM  16 GB ROM – With Play Store - PUBG Supported,"Rs. 9,999",//www.daraz.pk/products/116-4-gb-16-gb-pubg-i460182106.html
"Lenovo Legion Y500 15IAH7H, i7-12700H 1TB SSD, NVIDIA® GeForce RTX™ 3070 8GB GDDR6 15.6"" WQHD","Rs. 529,999",//www.daraz.pk/products/lenovo-legion-y500-15iah7h-i7-12700h-1tb-ssd-nvidia-geforce-rtx-3070-8gb-gddr6-156-wqhd-i421433856.html
Acer C731 - 4GB RAM - 16GB ROM - Playstore Supported - 11.6 inch Display - Long Battery Life,"Rs. 12,500",//www.daraz.pk/products/c731-4gb-16gb-116-i398681551.html
"DELL Latitude 3530 -12th Generation Intel® Core™ i5-1235U (10 Core, 12 MB Cache, 12 Threads, up to 4.40 GHz)/Intel® Iris® Xe Graphics/8GB, 1x8GB, DDR4, 3200 MHz/256GB, M.2, PCIe NVMe, SSD, Class 35/15.6"" FHD (1920 x 1080) AG Non-Touch, 250nits","Rs. 224,999",//www.daraz.pk/products/3530-12-i5-1235u-10-12-mb-12-440-ghz-xe-8gb-1x8gb-ddr4-3200-mhz256gb-m2-pcie-nvme-ssd-3515-6-fhd-1920x6-ag-1080-i421457038.html
Lenovo N22 Chromebook – 11.6″ – 4 GB RAM – 16 GB ROM – With Play Store - PUBG Supported - Longer Battery Backup,"Rs. 12,400",//www.daraz.pk/products/lenovo-n22-chromebook-116-4-gb-ram-16-gb-rom-with-play-store-pubg-supported-longer-battery-backup-i396327406.html
"Lenovo ThinkPad X240 i5-4210U Notebook 31.8 cm (12.5"") Intel® Core™ i5 4 GB DDR3L-SDRAM 128GB SSD Windows 7 Professional Black","Rs. 26,999",//www.daraz.pk/products/x230-dos-ch-i5-3360m-318-i5-4-gb-ddr3-sdram-gb-hdd-dos-i406725210.html
"Dell Intel Core i3-8th Generation | 8GB Ram , 256GB M2 SSD Hard Drive | 3Hours+ Battery Backup | Charger Included | FREE LAPTOP BAG | One Month Warranty","Rs. 56,000",//www.daraz.pk/products/dell-intel-core-i3-8th-generation-8gb-ram-256gb-m2-ssd-hard-drive-3hours-battery-backup-charger-included-free-laptop-bag-one-month-warranty-i336581261.html
1pcs Creative Doctor and Nurse Design Ballpoint Pen，Office and School Students Writing Cute Stationery 0.5mm Ink Gift Pen,"Rs. 3,340",//www.daraz.pk/products/1-05-i536579842.html
Lenovo  N23 Chromebook - 4gb/16gb - Play Store Supported,"Rs. 12,800",//www.daraz.pk/products/lenovo-n23-chromebook-4gb16gb-play-store-supported-i406212229.html
360° Full Body Case For Samsung Galaxy A13 6.6 Front Back Clear HD Cover For Samsung A13 4G Samsun A 13 Shockproof Shell Coque,"Rs. 3,719",//www.daraz.pk/products/13-360-66-13-4-13-i536166007.html
KACO DAILY Gel Pen Press Type 0.5mm Black Core Metal Pen Clip Signature Stylo Large Capacity School Smooth Writing Neutral ручки,"Rs. 3,461",//www.daraz.pk/products/kaco-daily-gel-pen-press-type-05mm-black-core-metal-pen-clip-signature-stylo-large-capacity-school-smooth-writing-neutral-i536580881.html
"Dell Chromebook 11 3180 | 4GB RAM | 16GB SSD EMMC | PLAYSTORE SUPPORTED | 11.6"" SCREEN DISPLAY","Rs. 11,500",//www.daraz.pk/products/dell-chromebook-11-3180-4gb-ram-16gb-ssd-emmc-playstore-supported-116-screen-display-i523361732.html
Paper Feel Screen Protector Film Matte PET Painting Write For iPad Pro 11 7/8/9th 10.2 Air 4 5 10.9 10th Gen 10.5 9.7 Mini 4 5 6,"Rs. 4,144",//www.daraz.pk/products/11-789-102-4-5-109-10-105-97-4-5-6-i534492692.html
"Like New Laptops Lenovo ThinkPad X250 UltraBook 12.5″ Screen, Core i7 – 5th Gen., 8GB Ram, 500GB HHD, Window 10 Pro","Rs. 38,999",//www.daraz.pk/products/like-new-laptops-lenovo-thinkpad-x250-ultrabook-125-screen-core-i7-5th-gen-8gb-ram-500gb-hhd-window-10-pro-i396060643.html
Goku usb flash drive 128GB 64GB 32GB 16GB флешка pendrive waterproof metal silver u disk memoria cel usb stick Japanese Anime,"Rs. 3,863",//www.daraz.pk/products/goku-usb-flash-drive-128gb-64gb-32gb-16gb-pendrive-waterproof-metal-silver-u-disk-memoria-cel-usb-stick-anime-i534863440.html
5/3/2Pcs 4D Round Foil Balloons 10/18/22inch Metallic Rose Gold Silver 4D Foil Balloons Helium Air Globos Birthday Wedding Decor,"Rs. 4,071",//www.daraz.pk/products/532-4-101822-4-i538302161.html
Showerhead Bracket Cartoon Stand Plastic Shower Head Base 360° Wall Mount Bathroom Accessories Shower Head Holder Adjustable,"Rs. 3,407",//www.daraz.pk/products/360-i537460245.html
Strong Adhesive 90° Aluminum Wall Gel Mounted Shower Head Holder Adjustable Bathroom Accessories Stand Bracket,"Rs. 3,382",//www.daraz.pk/products/90-i537437891.html
Wedding Accessories Veil White One Layer Bridal Edge Encrypted Marriage Cвадьба Aксессуары,"Rs. 3,304",//www.daraz.pk/products/wedding-accessories-veil-white-one-layer-bridal-edge-encrypted-marriage-c-a-i537380710.html
Calligraphy and Printing Mud Authentic Chinese Painting Ink Box Inkpad Seal Ancient Style Red Cinnabar Printing Castor Mud Oil ﻿,"Rs. 4,104",//www.daraz.pk/products/-i537277496.html
Jingdezhen Ceramic Color Powder 50g/bag Underglaze Color Painting Glaze 24-color Ceramic Clay Dyeing Supplies 1200-1320 ℃,"Rs. 4,058",//www.daraz.pk/products/50-24-1200-1320-i537268294.html
100pcs Hand Made Diy Rose Petals For Wedding Artificial Silk Flower Marriage Decoration Valentine Искусственный Цветок,"Rs. 3,675",//www.daraz.pk/products/100pcs-hand-made-diy-rose-petals-for-wedding-artificial-silk-flower-marriage-decoration-valentine-i537186675.html
10Pcs Green Artificial Ferns Leaf Plants Eucalyptus Flower Wall Vines Diy Wedding Home ​Decor Accessories Christmas Wreath,"Rs. 3,948",//www.daraz.pk/products/-i537107818.html
Acer C720 ChromeBook Laptop - 4GB RAM / 128GB SSD Storage - Windows 10 Installed - Long Battery Life,"Rs. 18,720",//www.daraz.pk/products/c720-4gb-ssd-128gb-10-i368219968.html
Birthday Party Supplies Funny Hat Ins Felt Birthday Hats Creative Party Cap with Rope Kids Party Cap Party Photo Props 파티용품,"Rs. 3,470",//www.daraz.pk/products/ud9dd-udda8-i537015805.html
"Deli Metal Gel Pens Ink Refills, 0.5mm Smooth Writing Luxury Sign Pen Aesthetic Stationery Supplies Kalem 펜 Writing School Items","Rs. 3,340",//www.daraz.pk/products/05-i536803897.html
Deli Makers Oil Paint Pen 2.0MM Plumones Rotuladores маркеры Graffiti Pens Waterproof Permanent Color Art Supplies Drawing DIY,"Rs. 3,885",//www.daraz.pk/products/deli-makers-oil-paint-pen-20mm-plumones-rotuladores-graffiti-pens-waterproof-permanent-color-art-supplies-drawing-diy-i536606247.html
Mini Metal USB3.0 Flash Drive 2TB 1TB Pen Drive USB Memory Stick 256GB Флеш-накопитель High Speed PenDrive U disk gift USB Stick,"Rs. 3,644",//www.daraz.pk/products/mini-metal-usb30-flash-drive-2tb-1tb-pen-drive-usb-memory-stick-256gb-high-speed-pendrive-u-disk-gift-usb-stick-i534682788.html
TYPE-C OTG 2 IN 1Phone/Laptop USB Flash Drives Metal Pen Drive Hight Speed Memory Stick U Disk 4GB ​Waterproof USB 64GB PenDrive,"Rs. 3,883",//www.daraz.pk/products/2-1-4-64-i534625253.html
Mini SD Card 128GB 256GB 64GB Class 10 Flash Memory Card 32GB Micro TF Card 4G 8G 16GB cartão de memória Driving recorder Camera,"Rs. 3,866",//www.daraz.pk/products/mini-sd-card-128gb-256gb-64gb-class-10-flash-32gb-micro-tf-card-4g-8g-16gb-cartao-de-memoria-recorder-i534597476.html
2.5-inch Laptop SATA to IDE 44-pin Hard Disk Adapter Card Parallel Port to Serial Port Adapter Board SATA to IDE-MAC004A 90/180°,"Rs. 3,297",//www.daraz.pk/products/25-44-mac004a-90180-i534567832.html
Grinder Adapter Thread Converter Power Tools Accessories Angle Grinder Adapter M10 To M14/M16 ​Conversion Head,"Rs. 4,059",//www.daraz.pk/products/10-14-16-i534532380.html
Xiaomi 2TB 3.0 Mini Super Metal Usb Flash Drive 1TB Pen Drive High Speed Memory Stick 512GB U Disk Pendrive 3.0 Memoria Usb ﻿,"Rs. 4,049",//www.daraz.pk/products/2-30-1-512-30-i534423811.html
Lenovo 2TB USB Флешка OTG Metal USB 3.0 Pen Drive Key 1TB Type C High Speed Pendrive Mini Flash Drive 128GB Memory Stick,"Rs. 3,794",//www.daraz.pk/products/lenovo-2tb-usb-otg-metal-usb-30-pen-drive-key-1tb-type-c-high-pendrive-mini-flash-drive-128gb-memory-stick-i534297221.html
"Lenovo IdeaPad Slim 3 Intel Core i3-1305U Turbo up to 3.3GHz 8GB Soldered LPDDR5-4800 256GB SSD M.2 2242 PCIe NVMe 15.6"" FHD TN 250nits Anti glare DOS Arctic Grey (2 Year Warranty)","Rs. 119,000",//www.daraz.pk/products/lenovo-ideapad-slim-3-intel-core-i3-1305u-turbo-up-to-33ghz-8gb-soldered-lpddr5-4800-256gb-ssd-m2-2242-pcie-nvme-156-fhd-tn-250nits-anti-glare-dos-arctic-grey-2-year-warranty-i395553020.html
Laptop Keyboard Space Bar Keycap + Clip For MacBook Pro Retina 13″ 15″ A1989 A1990 A1932 A2159 Keyboard Key Caps Scissor Hinge,"Rs. 3,862",//www.daraz.pk/products/13-15-1989-1990-1932-2159-i533996254.html
Small Mini Strong Steel Padlock Travel Suitcase Diary Lock Luggage Anti-Theft Security Padlocks 2 Keys Блокировка Dropshipping,"Rs. 4,010",//www.daraz.pk/products/small-mini-strong-steel-padlock-travel-case-diary-lock-luggage-anti-theft-security-padlocks-2-keys-dropshipping-i533860559.html
"Lenovo ThinkPad T460 14 ""Display, Intel i5-6th Gen 2.4 GHz, 8 GB RAM, 256 GB SSD, Windows 10 Pro 64 bit","Rs. 47,499",//www.daraz.pk/products/lenovo-thinkpad-t460-14-display-intel-i5-6th-gen-24-ghz-8-gb-ram-256-gb-ssd-windows-10-pro-64-bit-i466711902.html
"Apple MacBook Air A1466 Early 2015 With 1.6GHz Intel Core i5 (13.3 inch, 8GB RAM, 128GB) Silver","Rs. 62,999",//www.daraz.pk/products/apple-macbook-air-a1466-early-2015-with-16ghz-intel-core-i5-133-inch-8gb-ram-128gb-silver-i424378353.html
"Dell Chromebook 3380 (13.3"", Intel 1.60GHz, 4GB, 16GB, ChromeOS) with Charger","Rs. 12,900",//www.daraz.pk/products/dell-chromebook-3380-133-intel-160ghz-4gb-16gb-chromeos-with-charger-i533569691.html
"LENOVO CHROMEBOOK 100E - 4GB RAM DDR4 - 32GB SSD EMMC - 11.6"" SCREEN - PLAYSTORE SUPPORTED - AUE UPDATE 2027","Rs. 13,550",//www.daraz.pk/products/lenovo-chromebook-100e-4gb-ram-ddr4-32gb-ssd-emmc-116-screen-playstore-supported-aue-update-2027-i467116748.html
"Dell Chromebook 11, Intel Celeron-N2840 Proc, 4GB RAM DDR3L Memory, 16GB eMMC SSD Storage, WINDOWS 10, CHROME OS ,Black","Rs. 9,699",//www.daraz.pk/products/11-celeron-n2840-4gb-ddr3l-16gb-emmc-ssd-10-i437476400.html
"LENOVO CHROMEBOOK 100E | 4GB RAM DDR4 | 32GB SSD EMMC | 11.6"" SCREEN | PLAYSTORE SUPPORTED | AUE UPDATE 2027","Rs. 13,500",//www.daraz.pk/products/lenovo-chromebook-100e-4gb-ram-ddr4-32gb-ssd-emmc-116-screen-playstore-supported-aue-update-2027-i463746796.html
Lenovo ThinkPad T460s - Core i5 6th Generation - 8GB DDR4 - 256GB SSD - 14inches Screen - FREE LAPTOP BAG Windows 10 (Registered Windows) - Daraz like new laptops,"Rs. 42,999",//www.daraz.pk/products/lenovo-thinkpad-t460s-core-i5-6th-generation-8gb-ddr4-256gb-ssd-14inches-screen-free-laptop-bag-windows-10-registered-windows-daraz-like-new-laptops-i558572574.html
"HP Chromebook x360 11-inch Laptop with 360-degree hinge, Intel Celeron N3350 Processor, 4 GB RAM, 32 GB eMMC storage, Chrome OS Daraz Like new","Rs. 17,459",//www.daraz.pk/products/hp-x360-11-360-n3350-4-gb-32-gb-emmc-os-i558362774.html
HP 15 FQ2653TU I7 1165G7 8GB 512GB WIN 11 1YR HP WARRANTY,"Rs. 169,999",//www.daraz.pk/products/hp-15-fq2653tu-i7-1165g7-8gb-512gb-11-1yr-hp-i465519699.html
Metal Ballpoint Pen Retractable Note Pen Pull-out Cheat Sheet Pen Smooth Writing Clip Fixing Ballpoint Pens stationery,"Rs. 3,261",//www.daraz.pk/products/-i536902447.html
Xiaomi Smart Tracker Anti-Lost Alarm Wireless Bluetooth Tracker Stuff Two-way Search Suitcase Key Pet Finder Location Record,"Rs. 3,920",//www.daraz.pk/products/-i536422948.html
"Apple MacBook Pro 2011 A1278 Display 13-inch Laptop (Intel i5 2.5 GHz, 8 GB RAM, 256 SSD, Intel HD, macOS High Sierra - Silver Free Bag","Rs. 42,999",//www.daraz.pk/products/apple-macbook-pro-2011-a1278-display-13-inch-laptop-intel-i5-25-ghz-8-gb-ram-256-ssd-intel-hd-macos-high-sierra-silver-free-bag-i471517349.html
Car Styling Car HUD Reflective Film Head Up Display System Film Auto Accessories OBD II Fuel Consumption Overspeed Display,"Rs. 3,843",//www.daraz.pk/products/ii-i533050877.html
"Dell Latitude E7450 Intel Core i5 5th Generation, 8GB DDR3 Ram, 500GB Hard Drive, 14.1"" Led Display, Intel HD Graphics - Daraz Like New Laptops","Rs. 29,999",//www.daraz.pk/products/dell-latitude-e7450-intel-core-i5-5th-generation-8gb-ddr3-ram-500gb-hard-drive-141-led-display-intel-hd-graphics-daraz-like-new-laptops-i562784431.html
Daraz Like New Laptops - Dell Chrome Book 3189 - 4gb Ram 16gb Ssd - 11.6 Inch - Playstore Supported,"Rs. 14,200",//www.daraz.pk/products/daraz-like-new-laptops-dell-chrome-book-3189-4gb-ram-16gb-ssd-116-inch-playstore-supported-i558551354.html
"Dell Latitude 5520, Core i5 2nd generation, 8GB DDR3 Ram, 256GB SSD Drive, 15.6"" Led Display, Intel HD Graphics - Daraz Like New Laptops","Rs. 25,999",//www.daraz.pk/products/dell-latitude-5520-core-i5-2nd-generation-8gb-ddr3-ram-256gb-ssd-drive-156-led-display-intel-hd-graphics-daraz-like-new-laptops-i562765731.html
1Pcs For Baofeng USB Adapter Charger Two Way Radio Walkie Talkie USB Charge dock For Baofeng 888 Walkie Talkie Accessories,"Rs. 3,964",//www.daraz.pk/products/1-888-i532803047.html
"Asus Chromebook Flip C101 2-In-1 Laptop- 10.1” 4-Way WXGA TouchScreen Display, Rockchip RK3399 Quad-Core Processor, 4GB RAM, 16GB Storage, All Metal Body, Lightweight, USB Type-C, Chrome OS- C101PA-DB02 - (Refurbished)","Rs. 13,999",//www.daraz.pk/products/asus-chromebook-flip-c101-2-in-1-laptop-101-4-way-wxga-touchscreen-display-rockchip-rk3399-quad-core-processor-4gb-ram-16gb-storage-all-metal-body-lightweight-usb-type-c-chrome-os-c101pa-db02-refurbished-i560139226.html
ALIEN WARE17-R5 laptop (not available cash on delivery),"Rs. 225,000",//www.daraz.pk/products/ware17-r5-i459284976.html
"Dell Latitude 5410 Ultra Book Core i7 10th generation, 16GB DDR4 Ram 256GB Solid State Drive SSD 14.1"" FHD Led Display Intel HD Graphics","Rs. 99,999",//www.daraz.pk/products/5410-10th-i7-16gb-ddr4-256gb-fhd-led-hd-i540224753.html
Drawing Easel Tablet Phone Stand Frame Painting Art Tripod Display Shelf Деревяная Подставка Sztaluga Do Malowania Zeichnen,"Rs. 3,844",//www.daraz.pk/products/drawing-easel-tablet-phone-stand-frame-painting-art-tripod-display-shelf-sztaluga-do-malowania-zeichnen-i537137286.html
Balloon Stand Holder Party Supplies Balloon Support Birthday Wedding Party Accessories Ball Stick Holder стойка для шариков,"Rs. 3,925",//www.daraz.pk/products/balloon-stand-holder-party-supplies-balloon-support-birthday-wedding-accessories-ball-stick-holder-i536888311.html
"HP EliteBook 840 G4 Ultra Book, Core i5 7th generation, 8GB DDR Ram, 500GB Hard Drive , 14.1"" Led Display, Intel HD Graphics - Daraz Like New Laptops","Rs. 49,999",//www.daraz.pk/products/hp-elitebook-840-g4-ultra-book-core-i5-7th-generation-8gb-ddr-ram-500gb-hard-drive-141-led-display-intel-hd-graphics-daraz-like-new-laptops-i562768681.html
Dell | Chromebook 3380 | 16Gb+16 Sd Card GB Storage | 4GB RAM | ‎Intel Celeron 3855U 1.60GHz | 13.3 Inch Display | Playstore Supported | Chromebook,"Rs. 11,699",//www.daraz.pk/products/3380-16gb-16-sd-gb-ail-4gb-385u-160ghz-law-133-i548246702.html
Toshiba Tetra Z40 / 14inch 1080 IPS display / 256gb m2 SSD / 8gb ram / 6hrs battery time,"Rs. 37,000",//www.daraz.pk/products/z4014-1080-ips-8gbssd-256gb-6-i559037003.html
"HP ProBook 11 G2 , Core i3 6th Generation, 8GB DDR4 Ram, 500GB Hard Drive, 11.1"" Led Display, Intel HD Graphics - Daraz Like New Laptops","Rs. 27,999",//www.daraz.pk/products/hp-probook-11-g2-core-i3-6th-generation-8gb-ddr4-ram-500gb-hard-drive-111-led-display-intel-hd-graphics-daraz-like-new-laptops-i562795342.html
HP Probook 445 - G9 AMD Ryzen 3 - 5425 U With Radeon Graphic - 8GB DDR4 - 256 GB SSD - Like New Laptop,"Rs. 79,500",//www.daraz.pk/products/hp-445-g8-amd-8gb-ddr4-ssd-256-gb-i564384641.html
Action Camera Ultra HD 1080P 4K/30fps WiFi 2.0-inch 170D 30M Underwater Waterproof Video Recording Sport Camera And Accessories,"Rs. 3,913",//www.daraz.pk/products/1080p-4k30fps-20-170d-30m-i534194783.html
Dell Latitude E7470 - Core i5 - 6th Generation - 8GB DDR4 RAM - 256GB SSD - 14inch HD Screen - FREE LAPTOP BAG,"Rs. 42,000",//www.daraz.pk/products/dell-latitude-e7470-core-i5-6th-generation-8gb-ddr4-ram-256gb-ssd-14inch-hd-screen-free-laptop-bag-i552024342.html
Damaged Bad Motherboard Suitable For iPhone X-15 PM Complete offline motherboard without hard drive Disassembly Technical Skill,"Rs. 4,171",//www.daraz.pk/products/15-i534454721.html
Dell Latitude 7240 - Ci5 4th generation - 12 inch Display - 10/10 Condition - 8GB RAM - 128GB SSD - Used Laptop - Best Programming Students and Business Students,"Rs. 42,000",//www.daraz.pk/products/7240-ci5-4th-12-8gb-8gb-i254388273.html
HP 1040 G3 - Core i7 - 6th Generation - 2K Resolution - 16GB - Soldered RAM 256SSD - Free Laptop Bag - Daraz Like New Laptops,"Rs. 80,000",//www.daraz.pk/products/hp-1040-g3-core-i7-6th-generation-2k-resolution-16gb-soldered-ram-256ssd-free-laptop-bag-daraz-like-new-laptops-i552301556.html
"Dell Latitude 7280 Core i5 7th Gen, 8GB, 256GB SSD, 12.5″ HD LED","Rs. 45,999",//www.daraz.pk/products/dell-latitude-7280-core-i5-7th-gen-8gb-256gb-ssd-125-hd-led-i558528886.html
Outer Screen For Oneplus 10R 9RT 9 9R 8T 7T 7 6T 6 5T 5 One Plus Front Touch Panel LCD Display Glass Lens Repair Parts+ OCA,"Rs. 3,954",//www.daraz.pk/products/10-9-9-9-8-7-7-6-6-5-5-i533119482.html
Gaming laptops - Dell G3 3579 Gaming Laptop Core-i5-8th Gen 16GB RAM 512GB SSD 4GB Nvidia GeForce GTX 1050 15.6″ Display,"Rs. 142,000",//www.daraz.pk/products/gaming-laptops-dell-g3-3579-gaming-laptop-core-i5-8th-gen-16gb-ram-512gb-ssd-4gb-nvidia-geforce-gtx-1050-156-display-i561171066.html
"ASUS Transformer 3 Pro (T303U) - Core i7 6th Generation - 8GB RAM - 512GB NVME SSD - 12.6"" QHD 2880x1920 Touchscreen Dsiplay - Detachable","Rs. 59,500",//www.daraz.pk/products/asus-transformer-3-pro-t303u-core-i7-6th-generation-8gb-ram-512gb-nvme-ssd-126-qhd-2880x1920-touchscreen-dsiplay-detachable-i550722059.html
"Daraz Like New Laptops - HP EliteBook 840 G5 Notebook PC Intel Core i5 8th Generation, 8GB DDR4 Ram, 256GB SSD Drive, 14.1"" Led Display, Intel FHD Graphics Card","Rs. 69,999",//www.daraz.pk/products/daraz-like-new-laptops-hp-elitebook-840-g5-notebook-pc-intel-core-i5-8th-generation-8gb-ddr4-ram-256gb-ssd-drive-141-led-display-intel-fhd-graphics-card-i438121167.html
Mitsubishi Uni-ball UB-150 Eye Micro Gel Ink Pen 0.5mm Black/Blue/Red,"Rs. 3,214",//www.daraz.pk/products/150-05-i536921391.html
"Dell Latitude E6540 , Core i7 4th generation, 8GB DDR3 Ram, 500GB Hard Drive, 15.6"" Led Display, Intel HD Graphics - Daraz Like New Laptops","Rs. 31,999",//www.daraz.pk/products/dell-latitude-e6540-core-i7-4th-generation-8gb-ddr3-ram-500gb-hard-drive-156-led-display-intel-hd-graphics-daraz-like-new-laptops-i562841211.html
Original For Xiaomi Redmi Note 8 Note 8 pro Back Rear Camera Lens Glass Cover With Frame Holder Replacement Parts,"Rs. 3,247",//www.daraz.pk/products/8-8-i539050889.html
Like New Laptops Apple MacBook Pro 2016 (A1707) 15.4-Inch Retina Display Intel Core i7 with 2.7 GHz (16GB RAM 512GB SSD) Touch Bar - Grey Color,"Rs. 119,999",//www.daraz.pk/products/like-new-laptops-apple-macbook-pro-2016-a1707-154-inch-retina-display-intel-core-i7-with-27-ghz-16gb-ram-512gb-ssd-touch-bar-grey-color-i564375721.html
"Dell 3180 Chromebook 11.6 inches HD screen, 4GB Ram 16GB SSD, HDMI, WiFi, Webcam, Chrome OS","Rs. 12,499",//www.daraz.pk/products/4gb-16gb-ssd-hdmi-wifi-os-i538919327.html
Gaming laptops - Dell Precision 3540 Corei5-8th Gen 16GB RAM 256GB SSD Graphics Card 2GB 15.6″ Display,"Rs. 98,000",//www.daraz.pk/products/gaming-laptops-dell-precision-3540-corei5-8th-gen-16gb-ram-256gb-ssd-graphics-card-2gb-156-display-i561161443.html
"Daraz Like New Laptops - HP ProBook 650 G2 - 15.6"" LED - Core i5 6th Generation (6200U) - 8 GB RAM - 256 GB SSD - 15.6"" HD LED Display - Windows 10","Rs. 46,999",//www.daraz.pk/products/daraz-like-new-laptops-hp-probook-650-g2-156-led-core-i5-6th-generation-6200u-8-gb-ram-256-gb-ssd-156-hd-led-display-windows-10-i562740712.html
1/10Pcs USB To ESP8266 ESP01 Programmer Adapter CH340 Wireless WiFi Development Board Module Support Windows Systems,"Rs. 4,048",//www.daraz.pk/products/01-340-esp8266-i535625206.html
3Channel1080P Front Camera for Vehicle WIFI Dash Cam for Cars Car Dvr Recorder Video Rear View Camera Black Box Car Accsesories,"Rs. 4,006",//www.daraz.pk/products/-i534193933.html
"80-1200mm Invisible Light Luxury Door Handle, No Punching, Wardrobe Edge Wrapping, Long Black Handle, Hidden Handle In Cabinet","Rs. 3,856",//www.daraz.pk/products/80-1200-i535954558.html
"Acer Predator Helios 18 PH18-72-94LC Gaming Laptop 14th Gen Core i9-14900HX, 64GB DDR5, 2TB SSD, NVIDIA RTX 4090 16GB Graphics, 18"" WQXGA IPS 250Hz, Windows 11 Home","Rs. 1,299,999",//www.daraz.pk/products/18-ph18-72-94lc-14th-i9-14900hx-64gb-ddr5-2tb-ssd-nvidia-rtx-4090-16gb-18-wqxga-ips-250hz-11-i548816943.html
Touch Screen For Meizu M5 M5S M6 Note M5C A5 Digitizer Sensor Front Glass Panel LCD Display Outer Cover Repair Replace Parts,"Rs. 4,098",//www.daraz.pk/products/5-5-6-5-5-i533119564.html
Chart Chore Kids Behavior Reward Stickers Responsibility Toddler Toddlers Sticker Classroom Family Daily Star List Whiteboard,"Rs. 4,064",//www.daraz.pk/products/-i535215910.html
Silicone Thermal Pads for Raspberry Pi 4 CPU RAM Heat Sinks Passive Cooling Heat Dissipation Radiator for Raspberry Pi 4 Model B,"Rs. 4,006",//www.daraz.pk/products/4-4-i534826899.html
Ceramic Paint Palette Tray 6/7 Grid Portable Plum Blossom Paint Plate Flower Shaped 3 Size Mixing Colour Tray Watercolor Dish,"Rs. 3,411",//www.daraz.pk/products/67-3-i538340170.html
"Dell Latitude 5410 Ultra Book Core i5 10th generation, 16GB DDR4 Ram 256GB Solid State Drive SSD 14.1"" FHD Led Display Intel HD Graphics","Rs. 88,999",//www.daraz.pk/products/5410-10th-i5-16gb-ddr4-256gb-fhd-led-hd-i540236617.html
TOSHIBA LAPTOP 4TH GENERATION,"Rs. 26,000",//www.daraz.pk/products/4th-i555293461.html
HP EliteBook 820 G3 - Core i7 7th Generation - 16GB RAM 256GB SSD,"Rs. 55,500",//www.daraz.pk/products/hp-820-g3-7th-i7-16gb-ssd-256gb-i562867502.html
"DELL Core i5-10th Generation | 2GB NVIDIA GRAPHICS CARD | 16GB DDR4 RAM , 1TB NVME M2 SSD | 6 Months WARRANTY |  3Hours+ Battery Backup | FREE LAPTOP BAG | FREE WIRELESS MOUSE | Charger Included | Daraz Like New Laptops","Rs. 135,000",//www.daraz.pk/products/dell-core-i5-10th-generation-2gb-nvidia-graphics-card-16gb-ddr4-ram-1tb-nvme-m2-ssd-6-months-warranty-3hours-battery-backup-free-laptop-bag-free-wireless-mouse-charger-included-daraz-like-new-laptops-i311499542.html
Military Mini Action Figures Helmet Vest Soldier Special Forces MOC DIY SWAT Army Police Parts Building Block Bricks Toys,"Rs. 3,337",//www.daraz.pk/products/-i536211364.html
Random Scrapped Watch Machinery Movement Steam Punk DIY Material Accessories Processing Parts Clock Part Hands Repair Kit Tool,"Rs. 3,905",//www.daraz.pk/products/-i539095928.html
Dell e7270 / i5 6th generation / 8gb ddr4 ram / 256gb ssd,"Rs. 38,900",//www.daraz.pk/products/dell-e7270-i5-6th-generation-8gb-ddr4-ram-256gb-ssd-i534346660.html
Probook 440 g6,"Rs. 60,000",//www.daraz.pk/products/440-g6-i559008631.html
Universal Woofer Radiator Bass Passive Speaker 2/3/4inch Low Frequency Loudspeaker Diaphragm Vibration Plate DIY,"Rs. 3,282",//www.daraz.pk/products/234-i533431326.html
Dell Latitude 12 5285 Laptop - Core i5 7th Generation - 12.3 inch FHD Display - RAM 8GB LPDDR3 1866MHz - 256GB NVME SSD - Windows 10 Professional (Non-Touch),"Rs. 38,999",//www.daraz.pk/products/dell-latitude-12-5285-laptop-core-i5-7th-generation-123-inch-fhd-display-ram-8gb-lpddr3-1866mhz-256gb-nvme-ssd-windows-10-professional-non-touch-i550033501.html
HP Zbook firefly 14u g8 - core i5 - 11th generation - 16gb RAM - 256 SSD - finger print reader - Free Laptop Bag - Daraz Like New Laptops,"Rs. 145,000",//www.daraz.pk/products/hp-zbook-firefly-14u-g8-core-i5-11th-generation-16gb-ram-256-ssd-finger-print-reader-free-laptop-bag-daraz-like-new-laptops-i552241457.html
"HP Victus 16-D0023DX Gaming Laptop 11th Gen Core i5-11400H, 16GB DDR4, 512GB SSD, NVIDIA RTX3050 4GB, 16.1"" FHD IPS, Windows 11 Home","Rs. 189,000",//www.daraz.pk/products/hp-16-d0023dx-11th-i5-11400h-16gb-ddr4-512gb-ssd-nvidia-rtx3050-4gb-161-fhd-ips-11-i478294761.html
Fashion Cotton Hand Rose Love Gestures Finger Snapback Hats Baseball Caps for Men Women Adjustable Adult Gorra de béisbol,"Rs. 4,030",//www.daraz.pk/products/-i536357353.html
100pcs Disposable Wooden Waxing Stick Wax Bean Wiping Wax Tool Disposable Hair Removal Beauty Body Beauty Tool Uñas Nail Charms,"Rs. 4,000",//www.daraz.pk/products/100-i536323062.html
1.2A Balance Li-ion Lifepo4 Lithium Battery Active Equalizer Balancer Energy Transfer BMS 2S 3S 4S 5S 6S 7S 8S 10S 13S 14S 16S,"Rs. 3,890",//www.daraz.pk/products/12-4-2-3-4-5-6-7-8-10-13-14-16-i534522675.html
PURPLE JAPAN Mousepad Extended Pad Desk Mat Office Accessories Pc Gamer Mouse Mat Gaming Large Mouse Pad 900x400 Computer Pads,"Rs. 3,299",//www.daraz.pk/products/900x400-i536223286.html
Connector SMA female jack Nut bulkhead handle solder panel mount straight,"Rs. 3,913",//www.daraz.pk/products/-i532814755.html
6pcs Pearlescent Watercolor Pigment Pearlescent Pigment Art Metallic Glitter School Stationery Glitter Powder Aquarelle Supplies,"Rs. 3,908",//www.daraz.pk/products/6-i537355351.html
Car Rear View Camera Wide Degree 4.3 TFT LCD Display or Monitor Waterproof Night Vision Reversing Backup 2In1 Parking Revere,"Rs. 4,006",//www.daraz.pk/products/43-2-1-i535252835.html
0.7/1/3MM Electroplating Mirror Silver Gold Paint Pen Hand-repair Chrome-plated Metal Waterproof Tire Ceramic Touch-up Paint,"Rs. 3,876",//www.daraz.pk/products/0713-mm-i536607272.html
Floor Brush Bathroom Wall Washing Toilet Tile No Dead Corner Slot Brush Kitchen Bathroom Brush Cleaning Tools,"Rs. 4,122",//www.daraz.pk/products/-i538467217.html
"Acer Nitro ANV16-41-R34Z Gaming Laptop AMD Ryzen 7-8845HS, 16GB DDR5, 512GB SSD, NVIDIA RTX 4050 6GB Graphics, 16"" WUXGA IPS 165Hz, Windows 11 Home, Black","Rs. 349,999",//www.daraz.pk/products/anv16-41-r34z-amd-7-8845hs-16gb-ddr5-512gb-ssd-nvidia-rtx-4050-6gb-16-wuxga-ips-165hz-11-i546944748.html
HP ProBook 640 G1 - Core i3 4th Generation - 4GB RAM - 500GB HDD - 14inch Screen - Window 10 Pro Active - Daraz Like New Laptops,"Rs. 33,999",//www.daraz.pk/products/hp-640-g1-4th-i3-4gb-14-10-i246526925.html
HP EliteBook 820 G3 - Core i5 6th Generation - 8GB RAM 128GB SSD 500GB HDD,"Rs. 43,999",//www.daraz.pk/products/hp-820-g3-6th-i5-8gb-hdd-128gb-ssd-i562878156.html
Newborn Baby DIY Hand And Footprint Kit Ink Pads Photo Frame Handprint Toddlers Souvenir Accessories Safe Clean Baby Shower Gift,"Rs. 3,326",//www.daraz.pk/products/-i537881044.html
Memory Card 1TB High Speed Memory Cards Full HD Video TF Card External Storage For Tablet/PC/Smartphone/Camera/Dash Cam And Dron,"Rs. 3,870",//www.daraz.pk/products/1-i534537972.html
T6 T8H T10H Screwdriver Tool Kit with Prying Tool and Cleaning Brush Repair PS3 PS4 Controller,"Rs. 3,904",//www.daraz.pk/products/6-8-10-3-4-i538426685.html
"Pegboard Wall Organizer Panel Shelves For Gamer Room,bathroom,tool house,kitchen Storage Rack Diy Organizer Pegboard Accessories","Rs. 4,113",//www.daraz.pk/products/-i535600177.html
13cm X 7.4cm for CSGO Skin Personality Car Stickers Creative Anime Decals Suitable for Car Body Die Cutting,"Rs. 4,025",//www.daraz.pk/products/13-74-i533755611.html
3D Pet Film Screen Protector For Samsung Galaxy Tab S6 Lite 10.4 Anti-Scratch Protector Cover For GalaxyTab S 6 Lite,"Rs. 4,007",//www.daraz.pk/products/6-3-104-6-i534550041.html
30 pin LCD Controller Driver Board 1HDMI Work For Screen Resolution 1920*1200 1920*1080 1600*900 1366*768 1280*800 EDP LCD panel,"Rs. 3,237",//www.daraz.pk/products/30-1-1920-1200-1920-1080-1600-900-1366-768-1280-800-i535847799.html
Hidden Desktop Pop-Up Socket DIY Multifunctional USB Type-C Outlet For Meeting Room Office Electrical Switch Countertops Plug,"Rs. 3,415",//www.daraz.pk/products/-i536033671.html
80CM 60CM Extra Long Wig Storage Bag and Hanger for Wigs Hair Extension Dust-proof Portable Suit Waterproof Storage Carrier Case,"Rs. 4,130",//www.daraz.pk/products/80-60-i537079625.html
"Lenovo N23 CHROMEBOOK - Celeron processor - 4gb Ram - 16GB SSD - 11.6"" screen","Rs. 10,899",//www.daraz.pk/products/lenovo-n23-chromebook-celeron-processor-4gb-ram-16gb-ssd-116-screen-i431018063.html
"HP ORIGINAL USA IMPORT | Chromebook 11 G4 | 8 to 10 Hours Battery Timing | 16GB SSD Storage | 4GB RAM | 11.6"" FULL HD Display | WINDOWS 10 INSTALLED | Dual Core | ChromeBook","Rs. 9,214",//www.daraz.pk/products/hp-usa-11-g4-8-10-16gb-ssd-20-gb-hd-i533355912.html
12pcs/Bag Pressed Daisy Dried Flowers Nail Art Decorations Natural Daisy Preserved Dry Flower DIY Stickers Manicure Accessories,"Rs. 3,689",//www.daraz.pk/products/12-i537875609.html
Dell Latitude E7240 - Core i5 4th Generation - 8GB RAM 128GB SSD,"Rs. 35,500",//www.daraz.pk/products/e7240-4th-i5-8gb-ssd-128gb-i562849260.html
Dell Latitude 5290 Core i5 7th Generation - 8GB RAM 256GB SSD,"Rs. 46,999",//www.daraz.pk/products/5290-7th-i5-8gb-ssd-256gb-i562888423.html
Nude Woman Girls Body Posters Prints Modern Graffiti Abstract Wall Art Canvas Painting for Home Bedroom Decoration Cuadros,"Rs. 4,123",//www.daraz.pk/products/-i537109929.html
1080P Dash Cam for Cars 3Inch Touch Screen Car DVR Video Recorder Rear View Camera for Vehicle Parking Sensor Car Assecories,"Rs. 4,006",//www.daraz.pk/products/1080p-3-i534201876.html
DB25 D-SUB connecotr Male Female plug Terminal Signal Module RS232 Adapter Board,"Rs. 3,865",//www.daraz.pk/products/25-232-i533067122.html
RISE(UK) UV FLD CPL ND2 ND4 ND4 Color Camera Lens Filter For Canon Sony Nikon Olympus Panasonic 49/52/55/58/62/67/72/77/82mm,"Rs. 3,430",//www.daraz.pk/products/2-4-4-495255586267727782-i539230899.html
20ml Stain Glass Paint Permanent Acrylic Enamel Painting Create Translucent Arts on Transparent Glasses Enamel Window,"Rs. 3,480",//www.daraz.pk/products/20-i538793637.html
88 Keys Electronic Keyboard Piano Sticker Transparent Non-glue Piano Keyboard Sticker Music Notes Piano Learning Pratice Aids,"Rs. 4,044",//www.daraz.pk/products/88-i536940902.html
For Motorola Moto G Stylus 2020 XT2043 XT2043-4 Touch Screen Front Outer Glass Panel LCD Front Lens Replacement,"Rs. 4,008",//www.daraz.pk/products/2020-2043-2043-4-i534046819.html
Acer Chromebook C740 | 11.6 Inches | HD plus Display | 2GB Ram | 128GB SSD | FREE SURPRISE ACCESSORIES | CHROMEOS | Playstore Installed | Webcam | HDMI | USB Ports | Loudspeaker | Long Time Battery | Like New | 10/9.5 Condition | With Adapter (Charger),"Rs. 13,999",//www.daraz.pk/products/c740-116-hd-2gb-128gb-ssd-hdmi-usb-1010-i480436650.html
Professional Mouse Skates for G102g 304 G502 G403 GPW G703 GPRO Wired Mouse Skate Replacement Glide Feet Pad,"Rs. 3,424",//www.daraz.pk/products/102-304-502-403-703-i536194564.html
"HP Victus 16-D0023DX Gaming Laptop 11th Gen Core i5-11400H, 32GB DDR4, 512GB SSD, NVIDIA RTX3050 4GB, 16.1"" FHD IPS, Windows 11 Home","Rs. 245,000",//www.daraz.pk/products/hp-16-d0023dx-11th-i5-11400h-32gb-ddr4-512gb-ssd-nvidia-rtx3050-4gb-161-fhd-ips-11-i487686436.html
"Acer Predator Helios Neo 16 PHN16-72-93AF Gaming Laptop 14th Gen Core i9-14900HX, 16GB DDR5, 1TB SSD, NVIDIA RTX 4070 8GB Graphics, 16"" WQXGA IPS 240Hz, Windows 11 Home, 2 Year Local Warranty","Rs. 599,999",//www.daraz.pk/products/neo-16-phn16-72-93af-14th-i9-14900hx-16gb-ddr5-1tb-ssd-nvidia-rtx-4070-8gb-16-wqxga-ips-240hz-11-2-i556885010.html
Funny props luminous vocal keychain mini camera SLR TV led luminous toy keychain necklace hip hop men women,"Rs. 3,882",//www.daraz.pk/products/-i534139050.html
Golden Wedding Rayon Scarf Women Glitter Muslim Shimmer Hijab Elegant Ladies Shiny Shawl Wrap Tassel Woman Party Stoles Scarves,"Rs. 3,999",//www.daraz.pk/products/-i539263273.html
1pc PE Flocked Jewelry DIY Bracelet Design Round Plate Handmade Beaded Bracelet Design Table Size Dial New Beads Measuring Plate,"Rs. 4,097",//www.daraz.pk/products/1-i538198525.html
1Pcs 1/144 4D Assembly Airplane Mi24 Helicopter FC-1 J10 US Thunderbolt Fighter Reconnaissance Plane Transporter Military Toy,"Rs. 3,434",//www.daraz.pk/products/1-1144-4-24-1-10-i536136041.html
Lenovo ThinkPad T560 Business Laptop | 15.6 | Intel Core i5-6200U | 8GBRAM 256GB SSD | CAM | Windows 10 Pro,"Rs. 54,999",//www.daraz.pk/products/lenovo-thinkpad-t560-business-laptop-156-intel-core-i5-6200u-8gbram-256gb-ssd-cam-windows-10-pro-i562684907.html
1SET High Quality RAM Heatsink Radiator Cooling Heat Sink Cooler for DDR2 DDR3 DDR4 Desktop Memory Heat Dissipation Pad,"Rs. 3,995",//www.daraz.pk/products/2-3-4-1-i534783463.html
"Acer Predator Helios Neo 14 PHN14-51-97X1 Gaming Laptop Intel Core Ultra 9-185H, 32GB DDR5, 1TB SSD, NVIDIA RTX 4060 8GB Graphics, 14.5"" WQXGA+ IPS 165Hz, Windows 11 Home, 2 Year Local Warranty","Rs. 549,999",//www.daraz.pk/products/14-phn14-51-97x1-9-185h-32gb-ddr5-1tb-ssd-nvidia-rtx-4060-8gb-wqxga-ips-145-hz-11-2-i558478306.html
"DELL ORIGINAL | Chromebook 3100 | 6 to 8 Hours Battery Timing | 16GB SSD Storage | 4GB RAM | 11.6"" FULL HD Display | Playstore Supported | Dual Core | ChromeBook With Free Mouse Gift","Rs. 13,500",//www.daraz.pk/products/6-8-16gb-ssd-20-gb-4gb-hd-i534845286.html
NEW For Huawei Y7 Y7A Y7P Y8S Y8P Y9 Y9A Y9S Prime Pro 2018 2019 Rear Back Camera Glass Lens With Glue,"Rs. 3,960",//www.daraz.pk/products/7-7-7-8-8-9-9-9-2018-2019-i535293293.html
Outer Screen For Google Pixel 8 Pro 7 6 6A 5 4A 5G 4 XL 3A 3 Front Touch Panel LCD Display Out Glass Cover Repair Replace Parts,"Rs. 3,926",//www.daraz.pk/products/8-7-6-6-5-4-5-4-3-3-i533067538.html
LED Adapter Power Supply AC To DC 5V 12V 24V Switch Transformer 1A 2A 3A 5A 6A 8A 10A Power Adapter For CCTV LED Strip Console,"Rs. 3,924",//www.daraz.pk/products/5-12-24-1-2-3-5-6-8-10-i534672477.html
"Acer Predator Triton Neo 16 PTN16-51-96GK Gaming Laptop Intel Core Ultra 9-185H, 32GB DDR5, 1TB SSD, NVIDIA RTX 4060 8GB Graphics, 16"" WQXGA IPS 240Hz, Windows 11 Home","Rs. 549,999",//www.daraz.pk/products/16-ptn16-51-96gk-9-185h-32gb-ddr5-1tb-ssd-nvidia-rtx-4060-8gb-16-wqxga-ips-240hz-11-i548864342.html
Real Maries Sketch Drawing Pencil Set Mark Wood blue professional graphics pencil (3H-14B) sketch pencil standard pencil ASS040,"Rs. 3,802",//www.daraz.pk/products/3-14-040-i536963853.html
Outer Screen For Sony Xperia Pro i IV 1 iii 5 ii 10 VI IV V Front Touch Panel LCD Display Glass Cover Repair Replace Parts,"Rs. 3,836",//www.daraz.pk/products/1-iii-5-ii-10-vi-iv-v-i533078319.html
Lenovo ThinkPad E490s Notebook | 1920 x 1080 | Core i5 i5-8265U | Intel UHD Graphics 620 | 8 GB RAM - 256 GB SSD | Windows 10 Pro,"Rs. 69,999",//www.daraz.pk/products/lenovo-thinkpad-e490s-notebook-1920-x-1080-core-i5-i5-8265u-intel-uhd-graphics-620-8-gb-ram-256-gb-ssd-windows-10-pro-i562660826.html
Medical Stethoscope Spare Parts Replacement Rim Accessories Diaphragm with Rim Assembly Kit Black for Kindcare Stethoscope,"Rs. 3,852",//www.daraz.pk/products/-i536866901.html
Mini EI Power transformer AC-AC 220V input 6V 9V 12V 15V 24V transformer double 12V 9V-0-9V 2W/VA Electronic Transformer,"Rs. 4,186",//www.daraz.pk/products/220-6-9-12-15-24-12-9-0-9-2-i534074987.html
Epoxy Pigment 30 Color Liquid Epoxy UV Resin Dye Transparent Colorant for UV Resin Coloring DIY Resin Art Jewelry Making Tools,"Rs. 3,829",//www.daraz.pk/products/30-i537317266.html
"Dell Latitude E7270 Business Ultrabook: 12.5in (1920X1080), Intel core i5-6Th Gen, 256GB SSD, 8GB DDR4, Windows 10 Pro","Rs. 47,999",//www.daraz.pk/products/dell-latitude-e7270-business-ultrabook-125in-1920x1080-intel-core-i5-6th-gen-256gb-ssd-8gb-ddr4-windows-10-pro-i470230089.html
1Pcs For Huawei Mate 10 Pro 10Pro Back Camera Lens With Frame And Adhesive Repair Replacement Parts Black Blue Silver,"Rs. 3,915",//www.daraz.pk/products/10-10-10-i535268203.html
1pc Retro Feather Ballpoint Pen European Style Christmas Gifts Writing Tool Golden Feather Pen Novelty Stationery Wedding Decor,"Rs. 3,404",//www.daraz.pk/products/1-i537030016.html
Digital Load Cell Weight Sensor HX711 AD Converter Breakout Module 5KG 10KG Portable Electronic Kitchen Scale for Arduino Scale,"Rs. 3,389",//www.daraz.pk/products/711-5-10-i535942881.html
For Huawei MatePad T10 9.7 Inch Tempered Glass Screen Protector T8 T10s 10.1 10.4 11 Pro 10.8 M6 M5 M3 Lite T5 T3 10 Tablet Film,"Rs. 3,850",//www.daraz.pk/products/10-97-8-10-101-104-11-108-6-5-3-5-3-10-i534576693.html
Lenovo ThinkPad E480 14-inch 4-Inch High Performance Laptop | 8th Gen Core i5-8250U | 8GB RAM | 256 SSD | Windows 10,"Rs. 59,999",//www.daraz.pk/products/lenovo-thinkpad-e480-14-inch-4-inch-high-performance-laptop-8th-gen-core-i5-8250u-8gb-ram-256-ssd-windows-10-i562644528.html
Universal E27 to 7E27 6E27 4E27 2E27 LED Light Lamp Holder 5E27 Screw Bulb Lamp Head Conversion 2E27 Extension Lamp Base White,"Rs. 3,946",//www.daraz.pk/products/27-7-27-6-27-4-27-2-27-27-5-27-2-27-i534465726.html
"Dell Latitude E5420 , Core i5 2nd generation, 8GB DDR3 Ram, 128GB SSD Drive, 14.1"" Led Display, Intel HD Graphics - Daraz Like New Laptops","Rs. 22,999",//www.daraz.pk/products/dell-latitude-e5420-core-i5-2nd-generation-8gb-ddr3-ram-128gb-ssd-drive-141-led-display-intel-hd-graphics-daraz-like-new-laptops-i562765695.html
"Suitable For Giiker Tic Tac Toe Bolt Game 3-in-1 Handheld Puzzle Game Storage Bag, Eva Electronic Storage Bag G5v0","Rs. 3,960",//www.daraz.pk/products/3-1-5-0-i534076281.html
Design Pegboard DIY Wall Mount Perforated Board Organizer Storage Kit Pegboard Accessories No Punching Crafts Organization,"Rs. 3,959",//www.daraz.pk/products/-i535610033.html
Car door bowl Door handle Protection sticker Rearview mirror Car logo Protection sticker Mazda Mercedes-Benz Skoda Audi Volkswag,"Rs. 3,866",//www.daraz.pk/products/-i535919255.html
_Dell Core i3-6th Generation | 8GB RAM 128GB SSD[Hard Drive]| 3 Hours+ Battery Backup|3380,"Rs. 52,000",//www.daraz.pk/products/3-8gb-ssd-i3-6th-gb-i362159722.html
"Daraz Like New Laptops - Lenovo ThinkPad T430, Core i5 3rd generation, 8GB DDR3 Ram, 500GB Hard Drive, 14.1"" Led Display, Intel HD Graphics","Rs. 25,999",//www.daraz.pk/products/daraz-like-new-laptops-lenovo-thinkpad-t430-core-i5-3rd-generation-8gb-ddr3-ram-500gb-hard-drive-141-led-display-intel-hd-graphics-i422966182.html
Painting Tabletop Stand Artwork Painting Display Stand Easel Multi-Functional Canvas Photo Picture Sign Stand For Studios,"Rs. 3,928",//www.daraz.pk/products/-i537112808.html
HP PROBOOK 440-G6 -Touch Screen - 8th GEN - Core i3-8265U - (1.60 GHz) - 8GB Ram - 128GB SSD + 320GB HDD - 14.0″ HD - (Open Box),"Rs. 65,000",//www.daraz.pk/products/hp-440-g6-8th-8gb-i3-8265u-ghz-8gb-hd-i564429214.html
"Dell 3180 Chromebook 11.6 inches HD screen, 4GB Ram 16GB SSD, HDMI, WiFi, Webcam, Chrome OS - Daraz Like New Laptops","Rs. 9,999",//www.daraz.pk/products/dell-3180-chromebook-116-inches-hd-screen-4gb-ram-16gb-ssd-hdmi-wifi-webcam-chrome-os-daraz-like-new-laptops-i562719937.html
Soft Flexible Hydrogel Film for Apple Visone Pro Screen Protector HD Clear Anti-blue Light Protective Film for Apple Vision Pro,"Rs. 4,208",//www.daraz.pk/products/-i534031203.html
"12 sheets of 300g pure cotton pulp thickened Coarse, medium and fine lines watercolor paper card water color paper Art Supplies","Rs. 3,976",//www.daraz.pk/products/300-12-i536635315.html
Gaming laptops - Dell Latitude 5501 Core-i5 9th Gen 8 GB RAM 256 GB SSD 2 GB Nvidia mx150 Graphics Card 15.6″ Display,"Rs. 107,000",//www.daraz.pk/products/gaming-laptops-dell-latitude-5501-core-i5-9th-gen-8-gb-ram-256-gb-ssd-2-gb-nvidia-mx150-graphics-card-156-display-i561145542.html
Mini Battery Bank Power Back Case Portable Cellphone 18650 Battery Backup Charger USB DIY Box Battery Storage Case,"Rs. 3,839",//www.daraz.pk/products/18650-i533853223.html
1Pcs/1Set 1:12 Dollhouse Miniature Bathroom Shower Room Toilet Bathtub Sink Commode Furniture Decor Toy Doll House Accessories,"Rs. 3,866",//www.daraz.pk/products/1-1-112-i535295495.html
Replace Part For 6800 Mask PC Face Shield Head Belt Mouth Nose Mask Protective Film Gas Mask Respirator Paint Spray Accessories,"Rs. 3,847",//www.daraz.pk/products/6800-i537480059.html
"HP Victus 16-D0023DX Gaming Laptop 11th Gen Core i5-11400H, 16GB DDR4, 512GB SSD, NVIDIA RTX3050 4GB, 16.1"" FHD IPS, Windows 11 Home","Rs. 225,000",//www.daraz.pk/products/hp-16-d0023dx-11th-i5-11400h-8gb-ddr4-256gb-ssd-nvidia-rtx3050-4gb-161-fhd-ips-11-i478740589.html
1 Pcs UNI Paint Markers PX-20 Industrial Pen Touch-up Paint Pen Wedding Guest Sign-in Does Not Fade Waterproof Painting Supplies,"Rs. 3,881",//www.daraz.pk/products/1-20-i536638660.html
"Suitable For Giiker Tic Tac Toe Bolt Game 3-in-1 Handheld Puzzle Game Storage Bag, Eva Electronic Storage Bag L2c6","Rs. 3,999",//www.daraz.pk/products/3-1-2-6-i533774222.html
HX711 high-precision electronic scale weight sensor 24 bit A/D converter development board,"Rs. 4,005",//www.daraz.pk/products/711-24-i535187833.html
Portable Mini Thermal Printer Wirelessly BT 203dpi Photo Label Memo Wrong Question Printing With USB Cable Imprimante Portable,"Rs. 4,008",//www.daraz.pk/products/203-i533053580.html
OUTEMU GTMX Low Profile Switch Black Red Blue Brown 3Pin Super Thin For Mechanical Keyboard Hot swap Kit Switches Tactile Linear,"Rs. 3,337",//www.daraz.pk/products/3-i536047423.html
Kitchen Wash Pot Dish Brush With Dispenser Liquid Filling By Pressing Does Not Hurt Pan Automatic Cleaning Brushes,"Rs. 3,926",//www.daraz.pk/products/-i538461138.html
"Daraz Like New Laptops - HP EliteBook 840 G3 Ultra Book, Core i5 6th generation, 8GB DDR Ram, 256GB Solid State Drive SSD, 14.1"" Led Display, Intel HD Graphics","Rs. 52,899",//www.daraz.pk/products/daraz-like-new-laptops-hp-elitebook-840-g3-ultra-book-core-i5-6th-generation-8gb-ddr-ram-256gb-solid-state-drive-ssd-141-led-display-intel-hd-graphics-i351044328.html
GPU VGA PCIe 8 Pin 6 Pin U Turn 180 Degree Angle Connector Power Adapter Board for Desktop Graphics Card,"Rs. 3,470",//www.daraz.pk/products/8-6-180-i534533337.html
12 pcs 300g pure cotton pulp thickened Coarse/medium/fine lines postcard watercolor paper card/water color paper Art Supplies,"Rs. 3,992",//www.daraz.pk/products/12-300-i536940774.html
Women Mini Skirt Sleepwear High Waist Fishnet Skinny Mesh Costumes Hollow Out Bodycon Skirt Streetwear Party Night Club Dress,"Rs. 3,396",//www.daraz.pk/products/-i537410324.html
"HP Pavilion15-EG2043TX,Core i5-1235U 8GB DDR4 512GB PCIe value Nvidia GeForce MX550 2GB 15.6 FHD Antiglare slim IPS 250 nits Narrow Border Windows 11 Home Natural Silver - fingerprint reader non-SD card reader (1 Year Warranty)","Rs. 234,999",//www.daraz.pk/products/hp-pavilion15-eg2043txcore-i5-1235u-8gb-ddr4-512gb-pcie-value-nvidia-geforce-mx550-2gb-156-fhd-antiglare-slim-ips-250-nits-narrow-border-windows-11-home-natural-silver-fingerprint-reader-non-sd-card-reader-1-year-warranty-i421934657.html
"HP EliteBook 830 G5 Intel Core i7-8th Generation | 16GB RAM , 256GB M2 SSD | 3Hours+ Battery Backup | WINDOWS 11 | FREE LAPTOP BAG | ONE MONTH WARRANTY | Charger Included","Rs. 86,999",//www.daraz.pk/products/hp-elitebook-830-g5-intel-core-i7-8th-generation-16gb-ram-256gb-m2-ssd-3hours-battery-backup-winodws-11-free-laptop-bag-one-month-warranty-charger-included-i365638635.html
"Like New Laptops Acer TravelMate P449-M-516P - 14"" - Core i5 6200U / 2.3 GHz - 8GB RAM - 256GB SSD - Win 10 Pro 64 bit Intel Graphics 520 - Wi-Fi - black","Rs. 60,000",//www.daraz.pk/products/like-new-laptops-acer-travelmate-p449-m-516p-14-core-i5-6200u-23-ghz-8gb-ram-256gb-ssd-win-10-pro-64-bit-intel-graphics-520-wi-fi-black-i471796909.html
"DELL E7270 Intel Core i7-6th Generation | 8GB Ram , 256GB M2 SSD | 3Hours+ Battery Backup | One Month Warranty | FREE LAPTOP BAG | Charger Included","Rs. 52,000",//www.daraz.pk/products/dell-e7270-intel-core-i7-6th-generation-8gb-ram-256gb-m2-ssd-3hours-battery-backup-one-month-warranty-free-laptop-bag-charger-included-i365664474.html
HP Chromebook 11 G4 | 16GB Storage | 4GB RAM | 11.6″ Display | Playstore Supported Chromebook | Black - Daraz Like New Laptops,"Rs. 9,394",//www.daraz.pk/products/hp-chromebook-11-g4-16gb-storage-4gb-ram-116-display-playstore-supported-chromebook-black-daraz-like-new-laptops-i468636960.html
"Dell Chromebook 11 3180 - Celeron processor - 4gb Ram - 16GB SSD - 11.6"" screen - Playstore supported","Rs. 9,899",//www.daraz.pk/products/dell-chromebook-11-3180-celeron-processor-4gb-ram-16gb-ssd-116-screen-playstore-supported-i528026251.html
"Lenovo | N21 | 6th Gen | 16GB Storage | 4GB RAM | 11.6″ Display | Rotatable Camera | Playstore Supported | Chromebook Daraz Like
New Slightly Used Import American Stock","Rs. 8,399",//www.daraz.pk/products/21-62-16gb-ace-4gb-ram-wain-116-i495423706.html
"Lenovo N23 CHROMEBOOK - Celeron processor - 4gb Ram - 16GB SSD - 11.6"" screen","Rs. 10,899",//www.daraz.pk/products/lenovo-n23-chromebook-celeron-processor-4gb-ram-16gb-ssd-116-screen-i431018063.html
HP Chromebook 11 G4 | 16GB Storage | 4GB RAM | 11.6″ Display | Playstore Supported Chromebook | Black - Daraz Like New Laptops,"Rs. 9,394",//www.daraz.pk/products/hp-chromebook-11-g4-16gb-storage-4gb-ram-116-display-playstore-supported-chromebook-black-daraz-like-new-laptops-i468636960.html
"Dell Chromebook 11 3180 | 4GB RAM | 16GB SSD EMMC | PLAYSTORE SUPPORTED | 11.6"" SCREEN DISPLAY","Rs. 11,500",//www.daraz.pk/products/dell-chromebook-11-3180-4gb-ram-16gb-ssd-emmc-playstore-supported-116-screen-display-i523361732.html
"Apple MacBook Pro 2013 (A1502) 13.3"" Retina Display - Core i5 - 8GB RAM - 256GB SSD Storage - Daraz Like New","Rs. 61,000",//www.daraz.pk/products/2013-a1502-133-8gb-i5-256gb-ssd-i518445008.html
"Hp Core i5-5th Generation | TOUCH SCREEN | 8GB RAM , 128GB SSD Hard Drive | Ultra HD TOUCH DISPLAY 360 degree revolve | 4Hours+ Battery Backup","Rs. 65,000",//www.daraz.pk/products/hp-core-i5-5th-generation-touch-screen-8gb-ram-128gb-ssd-hard-drive-ultra-hd-touch-display-360-degree-revolve-4hours-battery-backup-i332919236.html
"Lenovo Chromebook N23 Laptop | Celeron | 4GB RAM | 16GB SSD | 11.6""","Rs. 8,099",//www.daraz.pk/products/lenovo-chromebook-n23-laptop-celeron-4gb-ram-16gb-ssd-116-i524222524.html
"HP 15s-FQ5004NIA Intel Core i3-1215U 12th Generation, 4GB Ram DDR4, 256GB SSD NVMe, Intel® UHD Graphics, 15.6"" HD Display, Free DOS, Natural Silver","Rs. 118,500",//www.daraz.pk/products/hp-15s-fq5004nia-i3-1215u-4gb-ddr4-256gb-ssd-nvme-uhd-156-hd-dos-i411938203.html
HP ProBook 640 G1 - Ci5 4th Generation - 8GB RAM - 128GB SSD - Windows 10 - Refurbished Laptop - Business Laptop - Student Laptop,"Rs. 43,500",//www.daraz.pk/products/hp-640-g1-ci5-4th-8gb-128gb-ssd-10-i251551477.html
"Apple MacBook Pro 2013 (A1502) 13.3"" Retina Display - Core i5 - 8GB RAM - 256GB SSD Storage - Daraz Like New","Rs. 61,000",//www.daraz.pk/products/2013-a1502-133-8gb-i5-256gb-ssd-i518445008.html
"HP ProBook 450G9 Intel Core i7 1255U Turbo up to 3.5 GHz, 8GB, 512, 15.6""FHD, AG+BL K/B, Intel9560 Ac2x2, FINGER PRINT, WEBCAM HD, DOS,HP Carrying Case Pike Silver Aluminum (1 year Warranty)","Rs. 229,999",//www.daraz.pk/products/hp-450g9-i7-1255u-up-to-35-ghz-8gb-512-fhd-ag-bl-kb-9560-ac2x2-hd-dos-hp-1-i540053185.html
Apple MacBook Pro MKGQ3 (Space Grey) – M1 Chip 8-core CPU 16GB 512GB SSD 14″ Retina LED Display With True Tone Backlit Magic Keyboard Touch-ID (2021),"Rs. 665,000",//www.daraz.pk/products/mkgp3-m1-8-cpu-16gb-512gb-ssd-14-led-id-2021-i375234135.html
"HP Envy 16 H1023dx - Raptor Lake - 13th Gen Core i9 13900H (14 Cores) Processor 16GB 1-TB SSD 8-GB NVIDIA GeForce RTX4060 GDDR6 GC 16"" WQXGA IPS 120Hz Touchscreen Display B&O Play Backlit KB W11 (Natural Silver, NEW)","Rs. 253,000",//www.daraz.pk/products/hp-16-h1023dx-13th-i9-13900h-14-16gb-1-tb-ssd-8-gb-nvidia-rtx4060-gddr6-gc-16-wqxga-ips-120hz-b-o-kb-w11-i489704840.html
"Samsung Chromebook 500C - Celeron processor - 4gb Ram - 16GB SSD - 11.6"" screen - Playstore supported","Rs. 9,999",//www.daraz.pk/products/samsung-chromebook-500c-celeron-processor-4gb-ram-16gb-ssd-116-screen-playstore-supported-i524249077.html
"HP ProBook 650 G4 Ultra Book Core i7 8th generation, 8GB DDR4 Ram 256GB Solid State Drive SSD 15.6"" FHD Led Display, Numeric Keypad Intel HD Graphics","Rs. 78,999",//www.daraz.pk/products/hp-650-g4-i7-8th-8gb-ddr4-256gb-fhd-led-hd-i538982111.html
HP 15S-FD0110TU Core i7-1355U 16GB DDR4 512GB PCIe Value Intel Iris Xe 15.6 FHD Antiglare slim IPS 250 nits Narrow Border  Windows 11 Home Natural Silver   (1 Year Warranty),"Rs. 236,499",//www.daraz.pk/products/hp-15s-fd0110tu-core-i7-1355u-16gb-ddr4-512gb-pcie-value-intel-iris-xe-156-fhd-antiglare-slim-ips-250-nits-narrow-border-windows-11-home-natural-silver-1-year-warranty-i421919543.html
Lenovo N22 Chromebook – 11.6″ – 4 GB RAM – 16 GB ROM – With Play Store - PUBG Supported,"Rs. 11,980",//www.daraz.pk/products/n22-116-4-gb-16-gb-pubg-i261648198.html
"HP ORIGINAL | Chromebook 11 G4 | 8 to 10 Hours Battery Timing | 16GB SSD Storage | 4GB RAM | 11.6"" FULL HD Display | WINDOWS 10 INSTALLED | Dual Core | WITH FREE MOUSE & LAPTOP BAG GIFT","Rs. 9,899",//www.daraz.pk/products/hp-11-g4-8-10-4gb-ssd-16gb-116-hd-i533387542.html
"HP Victus 16-D0023DX Gaming Laptop 11th Gen Core i5-11400H, 8GB DDR4, 256GB SSD, NVIDIA RTX3050 4GB, 16.1"" FHD IPS, Windows 11 Home","Rs. 260,000",//www.daraz.pk/products/hp-16-d0023dx-11th-i5-11400h-8gb-ddr4-256gb-ssd-nvidia-rtx3050-4gb-161-fhd-ips-11-i536873283.html
Lenovo Chromebook 11.6″ display approximately 4 GB RAM  16 GB ROM – With Play Store - PUBG Supported,"Rs. 9,999",//www.daraz.pk/products/116-4-gb-16-gb-pubg-i460182106.html
"Hp Core i5-5th Generation | TOUCH SCREEN | 8GB RAM , 128GB SSD Hard Drive | Ultra HD TOUCH DISPLAY 360 degree revolve | 4Hours+ Battery Backup","Rs. 65,000",//www.daraz.pk/products/hp-core-i5-5th-generation-touch-screen-8gb-ram-128gb-ssd-hard-drive-ultra-hd-touch-display-360-degree-revolve-4hours-battery-backup-i332919236.html
Paper Feel Screen Protector Film Matte PET Painting Write For iPad Pro 11 7/8/9th 10.2 Air 4 5 10.9 10th Gen 10.5 9.7 Mini 4 5 6,"Rs. 4,144",//www.daraz.pk/products/11-789-102-4-5-109-10-105-97-4-5-6-i534492692.html
Acer C720 ChromeBook Laptop - 4GB RAM / 128GB SSD Storage - Windows 10 Installed - Long Battery Life,"Rs. 18,720",//www.daraz.pk/products/c720-4gb-ssd-128gb-10-i368219968.html
"Lenovo IdeaPad Slim 3 Intel Core i3-1305U Turbo up to 3.3GHz 8GB Soldered LPDDR5-4800 256GB SSD M.2 2242 PCIe NVMe 15.6"" FHD TN 250nits Anti glare DOS Arctic Grey (2 Year Warranty)","Rs. 119,000",//www.daraz.pk/products/lenovo-ideapad-slim-3-intel-core-i3-1305u-turbo-up-to-33ghz-8gb-soldered-lpddr5-4800-256gb-ssd-m2-2242-pcie-nvme-156-fhd-tn-250nits-anti-glare-dos-arctic-grey-2-year-warranty-i395553020.html
HP 15 FQ2653TU I7 1165G7 8GB 512GB WIN 11 1YR HP WARRANTY,"Rs. 169,999",//www.daraz.pk/products/hp-15-fq2653tu-i7-1165g7-8gb-512gb-11-1yr-hp-i465519699.html
"Dell Latitude 5410 Ultra Book Core i7 10th generation, 16GB DDR4 Ram 256GB Solid State Drive SSD 14.1"" FHD Led Display Intel HD Graphics","Rs. 99,999",//www.daraz.pk/products/5410-10th-i7-16gb-ddr4-256gb-fhd-led-hd-i540224753.html
Dell Latitude 7240 - Ci5 4th generation - 12 inch Display - 10/10 Condition - 8GB RAM - 128GB SSD - Used Laptop - Best Programming Students and Business Students,"Rs. 42,000",//www.daraz.pk/products/7240-ci5-4th-12-8gb-8gb-i254388273.html
"Dell 3180 Chromebook 11.6 inches HD screen, 4GB Ram 16GB SSD, HDMI, WiFi, Webcam, Chrome OS","Rs. 12,499",//www.daraz.pk/products/4gb-16gb-ssd-hdmi-wifi-os-i538919327.html
"Dell Latitude 5410 Ultra Book Core i5 10th generation, 16GB DDR4 Ram 256GB Solid State Drive SSD 14.1"" FHD Led Display Intel HD Graphics","Rs. 88,999",//www.daraz.pk/products/5410-10th-i5-16gb-ddr4-256gb-fhd-led-hd-i540236617.html
"HP Victus 16-D0023DX Gaming Laptop 11th Gen Core i5-11400H, 16GB DDR4, 512GB SSD, NVIDIA RTX3050 4GB, 16.1"" FHD IPS, Windows 11 Home","Rs. 189,000",//www.daraz.pk/products/hp-16-d0023dx-11th-i5-11400h-16gb-ddr4-512gb-ssd-nvidia-rtx3050-4gb-161-fhd-ips-11-i478294761.html
HP ProBook 640 G1 - Core i3 4th Generation - 4GB RAM - 500GB HDD - 14inch Screen - Window 10 Pro Active - Daraz Like New Laptops,"Rs. 33,999",//www.daraz.pk/products/hp-640-g1-4th-i3-4gb-14-10-i246526925.html
"Lenovo Chromebook N23 Laptop | Celeron | 4GB RAM | 16GB SSD | 11.6""","Rs. 8,099",//www.daraz.pk/products/lenovo-chromebook-n23-laptop-celeron-4gb-ram-16gb-ssd-116-i524222524.html
"HP ORIGINAL USA IMPORT | Chromebook 11 G4 | 8 to 10 Hours Battery Timing | 16GB SSD Storage | 4GB RAM | 11.6"" FULL HD Display | WINDOWS 10 INSTALLED | Dual Core | ChromeBook","Rs. 9,214",//www.daraz.pk/products/hp-usa-11-g4-8-10-16gb-ssd-20-gb-hd-i533355912.html
Acer Chromebook C740 | 11.6 Inches | HD plus Display | 2GB Ram | 128GB SSD | FREE SURPRISE ACCESSORIES | CHROMEOS | Playstore Installed | Webcam | HDMI | USB Ports | Loudspeaker | Long Time Battery | Like New | 10/9.5 Condition | With Adapter (Charger),"Rs. 13,999",//www.daraz.pk/products/c740-116-hd-2gb-128gb-ssd-hdmi-usb-1010-i480436650.html
"DELL ORIGINAL | Chromebook 3100 | 6 to 8 Hours Battery Timing | 16GB SSD Storage | 4GB RAM | 11.6"" FULL HD Display | Playstore Supported | Dual Core | ChromeBook With Free Mouse Gift","Rs. 13,500",//www.daraz.pk/products/6-8-16gb-ssd-20-gb-4gb-hd-i534845286.html
"Dell Latitude E7270 Business Ultrabook: 12.5in (1920X1080), Intel core i5-6Th Gen, 256GB SSD, 8GB DDR4, Windows 10 Pro","Rs. 47,999",//www.daraz.pk/products/dell-latitude-e7270-business-ultrabook-125in-1920x1080-intel-core-i5-6th-gen-256gb-ssd-8gb-ddr4-windows-10-pro-i470230089.html
_Dell Core i3-6th Generation | 8GB RAM 128GB SSD[Hard Drive]| 3 Hours+ Battery Backup|3380,"Rs. 52,000",//www.daraz.pk/products/3-8gb-ssd-i3-6th-gb-i362159722.html
"HP Victus 16-D0023DX Gaming Laptop 11th Gen Core i5-11400H, 16GB DDR4, 512GB SSD, NVIDIA RTX3050 4GB, 16.1"" FHD IPS, Windows 11 Home","Rs. 225,000",//www.daraz.pk/products/hp-16-d0023dx-11th-i5-11400h-8gb-ddr4-256gb-ssd-nvidia-rtx3050-4gb-161-fhd-ips-11-i478740589.html
"HP Pavilion15-EG2043TX,Core i5-1235U 8GB DDR4 512GB PCIe value Nvidia GeForce MX550 2GB 15.6 FHD Antiglare slim IPS 250 nits Narrow Border Windows 11 Home Natural Silver - fingerprint reader non-SD card reader (1 Year Warranty)","Rs. 234,999",//www.daraz.pk/products/hp-pavilion15-eg2043txcore-i5-1235u-8gb-ddr4-512gb-pcie-value-nvidia-geforce-mx550-2gb-156-fhd-antiglare-slim-ips-250-nits-narrow-border-windows-11-home-natural-silver-fingerprint-reader-non-sd-card-reader-1-year-warranty-i421934657.html
"HP EliteBook 830 G5 Intel Core i7-8th Generation | 16GB RAM , 256GB M2 SSD | 3Hours+ Battery Backup | WINDOWS 11 | FREE LAPTOP BAG | ONE MONTH WARRANTY | Charger Included","Rs. 86,999",//www.daraz.pk/products/hp-elitebook-830-g5-intel-core-i7-8th-generation-16gb-ram-256gb-m2-ssd-3hours-battery-backup-winodws-11-free-laptop-bag-one-month-warranty-charger-included-i365638635.html
"Like New Laptops Acer TravelMate P449-M-516P - 14"" - Core i5 6200U / 2.3 GHz - 8GB RAM - 256GB SSD - Win 10 Pro 64 bit Intel Graphics 520 - Wi-Fi - black","Rs. 60,000",//www.daraz.pk/products/like-new-laptops-acer-travelmate-p449-m-516p-14-core-i5-6200u-23-ghz-8gb-ram-256gb-ssd-win-10-pro-64-bit-intel-graphics-520-wi-fi-black-i471796909.html
"DELL E7270 Intel Core i7-6th Generation | 8GB Ram , 256GB M2 SSD | 3Hours+ Battery Backup | One Month Warranty | FREE LAPTOP BAG | Charger Included","Rs. 52,000",//www.daraz.pk/products/dell-e7270-intel-core-i7-6th-generation-8gb-ram-256gb-m2-ssd-3hours-battery-backup-one-month-warranty-free-laptop-bag-charger-included-i365664474.html
"HP 15s-FQ5004NIA Intel Core i3-1215U 12th Generation, 4GB Ram DDR4, 256GB SSD NVMe, Intel® UHD Graphics, 15.6"" HD Display, Free DOS, Natural Silver","Rs. 118,500",//www.daraz.pk/products/hp-15s-fq5004nia-i3-1215u-4gb-ddr4-256gb-ssd-nvme-uhd-156-hd-dos-i411938203.html
"Like New Laptops Apple MacBook Pro A1706 (2017) with Retina, Touch Bar, Intel Core i5 Dual Core 3.1GHz, (13-Inches, 16GB RAM, 256GB SSD) - Space Gray","Rs. 129,999",//www.daraz.pk/products/like-new-laptops-apple-macbook-pro-a1706-2017-with-retina-touch-bar-intel-core-i5-dual-core-31ghz-13-inches-16gb-ram-256gb-ssd-space-gray-i496179253.html
Hp 725 G3 AMD AID 8th generation,"Rs. 38,000",//www.daraz.pk/products/hp-725-g3-amd-8th-i539837987.html
"HP Pavilion 13-bb0021nm (Natural silver) FHD IPS, Core i7-11th Gen, 2.80Ghz, Intel Iris Processor 16GB Ram , 512GB SSD, Open Box -","Rs. 232,999",//www.daraz.pk/products/hp-pavilion-13-bb0021nm-natural-silver-fhd-ips-core-i7-11th-gen-280ghz-intel-iris-processor-16gb-ram-512gb-ssd-open-box-i457844301.html
HP Elitebook 840 G3 - Ci5 6th generation - 16GB RAM - 256GB SSD - Used Product - HP Laptops - Ultra Slim Laptop,"Rs. 60,500",//www.daraz.pk/products/hp-840-g3-ci5-6th-16gb-1010-gb-ssd-hp-i262935858.html
"Lenovo ThinkPad T480 Ultra Book Core i5 8th generation, 8GB DDR4 Ram 256GB Solid State Drive SSD 14.1"" FHD Led Display Intel HD Graphics","Rs. 58,999",//www.daraz.pk/products/t480-8th-i5-8gb-ddr4-256gb-fhd-led-hd-i539883646.html
HP - EliteBook 840G5 - CORE I5 -8TH GENERATION- 8GB RAM - 256GB SSD - Windows® 10 Activated - FREE LAPTOP BAG,"Rs. 68,999",//www.daraz.pk/products/hp-elitebook-840g5-core-i5-8th-generation-8gb-ram-256gb-ssd-windows-10-activated-free-laptop-bag-i361093766.html
"Like New Laptops Dell 3189 Convertible Chromebook 11.6 inches HD IPS Touchscreen, Intel Celeron N3060 Up to 2.48GHz, 4GB Ram 16GB SSD, HDMI, WiFi, Webcam, Play Store, Chrome OS","Rs. 23,999",//www.daraz.pk/products/like-new-laptops-dell-3189-convertible-chromebook-116-inches-hd-ips-touchscreen-intel-celeron-n3060-up-to-248ghz-4gb-ram-16gb-ssd-hdmi-wifi-webcam-play-store-chrome-os-i471386256.html
Dell Latitude 12 5285 2-in-1 Laptop - Core i5 7th Generation - 12.3 inch FHD TouchScreen - RAM 8GB LPDDR3 1866MHz - 256GB NVME SSD - Windows 10 Professional (Renewed),"Rs. 49,999",//www.daraz.pk/products/dell-latitude-12-5285-2-in-1-laptop-core-i5-7th-generation-123-inch-fhd-touchscreen-ram-8gb-lpddr3-1866mhz-256gb-nvme-ssd-windows-10-professional-renewed-i535937725.html
HP Chromebook 11 G4 | 16GB Storage | 4GB RAM | 11.6″ Display | Playstore Supported | Dual Core | Chrome Book,"Rs. 11,499",//www.daraz.pk/products/hp-11-g4-air-16gb-ace-4gb-lax-4-i538447137.html
Lenovo N23 Chromebook - 4gb/16gb - with Play Store - Long Battery Life,"Rs. 11,155",//www.daraz.pk/products/n23-4gb16gb-i269726073.html
HP ProBook 640 G1 - Ci5 4th Generation - 8GB RAM - 128GB SSD - Windows 10 - Refurbished Laptop - Business Laptop - Student Laptop,"Rs. 43,500",//www.daraz.pk/products/hp-640-g1-ci5-4th-8gb-128gb-ssd-10-i251551477.html
Dell Latitude 7240 - Ci5 4th generation - 12 inch Display - 10/10 Condition - 4GB RAM - 128GB SSD - Used Laptop - Best Programming Students and Business Students,"Rs. 39,500",//www.daraz.pk/products/7240-ci5-4th-12-4-4gb-i254385504.html
HP 15S-FQ5295NIA Laptop,"Rs. 157,900",//www.daraz.pk/products/hp-15s-fq5295nia-i471024830.html
"Dell Chromebook 3189 - 4GB RAM, 16GB Storage, Chrome OS X360 Touch Screen Convertible 2 in 1 laptop","Rs. 19,999",//www.daraz.pk/products/3189-4gb-16gb-os-x360-1-2-i539378475.html
Daraz Like New Laptops - Lenovo Thinkpad X230 Core i5 3rd Gen 4GB RAM 500GB 12.5″ Windows 10 (Free Laptop Bag),"Rs. 22,999",//www.daraz.pk/products/x230-i5-3rd-4gb-500-10-i451979359.html
"Lenovo IdeaPad Slim 3 Intel Core i5-13420H Turbo up to 3.4GHz 8GB Soldered LPDDR5-4800 512GB SSD M.2 2242 PCIe NVMe 15.6"" FHD IPS 300nits Anti glare DOS Arctic Grey (2 Year Warranty)","Rs. 153,000",//www.daraz.pk/products/lenovo-ideapad-slim-3-intel-core-i5-13420h-turbo-up-to-34ghz-8gb-soldered-lpddr5-4800-512gb-ssd-m2-2242-pcie-nvme-156-fhd-ips-300nits-anti-glare-dos-arctic-grey-2-year-warranty-i539671340.html
Fujitsu T726 Core i7-6th Generation 8Gb Ram 500Gb Hard Drive,"Rs. 50,000",//www.daraz.pk/products/t726-i7-6th-4gb-500gb-i391441203.html
HP EliteBook 840 G3 - Core i7 6th Generatio - 8GB RAM - 256GB SSD - 14inch Screen - FREE LAPTOP BAG,"Rs. 53,999",//www.daraz.pk/products/hp-elitebook-840-g3-core-i7-6th-generatio-8gb-ram-256gb-ssd-14inch-screen-free-laptop-bag-i272619387.html
"Dell Core i7-8th Generation | 16GB RAM , 512GB SSD Hard | 2K HD Display | 6Hours+ Battery Backup | FREE LAPTOP BAG","Rs. 84,000",//www.daraz.pk/products/dell-core-i7-8th-generation-16gb-ram-512gb-ssd-hard-2k-hd-display-6hours-battery-backup-free-laptop-bag-i385799420.html
Lenovo N21 Chromebook – 11.6″ – 4 GB RAM – 16 GB ROM - Long Battery,"Rs. 10,980",//www.daraz.pk/products/n21-116-4-gb-16-gb-i269722860.html
Dell Latitude 7240 - Ci5 4th generation - 12 inch Display - 10/10 Condition - 4GB RAM - 500GB HDD - Used Laptop - Best Programming Students and Business Students,"Rs. 37,500",//www.daraz.pk/products/7240-ci5-4th-12-4-4gb-i253602289.html
